seq1	seq2	coupling_score	coupling_rank	coupling_score_r1	coupling_rank_r1	coupling_score_r2	coupling_rank_r2	contact	IDR
29	47	1.18802	1	0.83638	1	0.76119	3	1	2.44091403489355e-05
30	46	1.14144	2	0.7952	2	0.76971	2	1	8.7035902175403e-06
28	48	1.09809	3	0.69204	7	0.78963	1	1	0.000389286604205098
31	45	1.03164	4	0.76639	3	0.70263	5	1	1.6844819954176e-05
57	62	1.02998	5	0.76101	4	0.69602	6	1	2.29473093633914e-05
14	70	1.02152	6	0.76047	5	0.68697	7	1	2.60685007279123e-05
13	71	1.00716	7	0.71716	6	0.71542	4	1	2.29473093633914e-05
9	75	0.91234	8	0.63671	9	0.6701	8	1	2.9134179860454e-05
15	69	0.87795	9	0.60785	10	0.59995	12	1	3.99359187086803e-05
11	73	0.8532	10	0.54039	14	0.58154	13	1	5.0592715696084e-05
56	63	0.84061	11	0.63979	8	0.56981	14	1	7.30427428731195e-05
12	72	0.84001	12	0.53722	15	0.65135	9	1	8.02852480306611e-05
27	49	0.82439	13	0.57255	12	0.63637	10	1	3.99359187086803e-05
10	74	0.81999	14	0.51801	16	0.53305	17	1	6.57043920693127e-05
32	44	0.80208	15	0.60066	11	0.54441	15	1	5.74477552110671e-05
26	50	0.78898	16	0.57071	13	0.60021	11	1	4.49874095358682e-05
1	86	0.69579	17	0.44703	18	0.53945	16	1	8.68329447558311e-05
8	76	0.65623	18	0.49773	17	0.47368	18	1	9.28797156387672e-05
25	51	0.51122	19	0.23646	26	0.43417	19	0	0.000223354507934998
0	87	0.50784	20	0.35811	19	0.32849	20	1	0.000101607753747297
17	66	0.40538	21	0.26013	23	0.27002	22	1	0.000137298682400105
2	85	0.3913	22	0.28939	21	0.31058	21	1	0.000112193281986703
38	81	0.38478	23	0.29603	20	0.23857	25	1	0.000167244234412167
3	84	0.38179	24	0.26779	22	0.25516	23	1	0.000137298682400105
4	83	0.34216	25	0.24662	24	0.2544	24	0	0.000151721635507448
34	83	0.29537	26	0.23293	27	0.21759	26	0	0.000204675328535457
37	81	0.28477	27	0.20539	29	0.20427	29	1	0.000267387082130528
38	83	0.26617	28	0.24615	25	0.21148	27	1	0.000186313784663952
24	52	0.24298	29	0.14285	34	0.14473	40	0	0.000509833860738745
39	83	0.24178	30	0.20984	28	0.2043	28	0	0.000244058369022888
39	79	0.22735	31	0.11118	47	0.15981	34	1	0.00214708763539679
34	79	0.21298	32	0.16694	30	0.1661	32	0	0.00030089518836683
4	37	0.21117	33	0.15227	32	0.17064	31	0	0.000333647822671979
37	82	0.20852	34	0.10655	50	0.13164	43	1	0.00175793782204702
38	79	0.18355	35	0.15367	31	0.08411	72	0	0.501608790557781
22	66	0.17992	36	0.09613	63	0.15193	37	1	0.0923163074527117
2	37	0.16677	37	0.12594	41	0.20052	30	0	0.000843950441886101
24	51	0.16175	38	0.09766	62	0.10502	53	0	0.00417509152446856
2	44	0.15783	39	0.14023	36	0.13321	42	0	0.0006678618122893
34	39	0.15594	40	0.08576	75	0.12041	47	1	0.108411959914678
35	45	0.1525	41	0.12795	39	0.12281	46	0	0.00143010900057468
39	81	0.14947	42	0.14173	35	0.07799	85	1	0.651916363287678
23	52	0.14889	43	0.06333	131	0.1481	39	0	0.87138257540008
21	64	0.14837	44	0.0726	94	0.05619	163	0	0.345426131337803
22	52	0.1465	45	0.11099	48	0.12322	45	0	0.00111442431688484
40	78	0.14067	46	0.07013	103	0.09221	63	1	0.203277190564776
37	85	0.1379	47	0.09782	61	0.15816	35	0	0.0756406455308745
4	52	0.133	48	0.14784	33	0.05601	164	0	0.950665307324424
1	87	0.13045	49	0.09994	56	0.06126	136	1	0.69752730393759
5	78	0.1295	50	0.09804	60	0.04403	242	1	0.898003391189333
16	52	0.12583	51	-0.02327	2821	0.15169	38	0	0.950665307324424
58	73	0.12574	52	0.08533	77	0.08466	71	0	0.0277985747058926
17	23	0.1248	53	0.05766	158	0.12705	44	1	0.884278253855975
21	66	0.12425	54	0.11972	43	0.06916	107	1	0.724160117182258
52	66	0.12128	55	0.06641	115	0.11967	48	0	0.640503794992215
35	43	0.12031	56	0.09398	65	0.02895	441	0	0.950665307324424
17	54	0.11987	57	0.09855	58	0.07903	80	0	0.058495572449817
18	65	0.11939	58	0.08873	70	0.07858	84	1	0.041376955564785
21	35	0.11916	59	0.02655	457	0.09868	57	0	0.950665307324424
4	81	0.11771	60	0.09035	67	0.09718	59	0	0.00719057700690088
34	50	0.11652	61	0.05873	151	0.04659	219	0	0.335515447393896
16	79	0.11599	62	0.03241	395	0.07236	98	0	0.888683904089883
38	80	0.11522	63	0.07085	100	0.05047	194	1	0.451772029253297
34	43	0.11282	64	0.05881	150	0.06246	132	1	0.188791473737424
33	78	0.11258	65	0.07171	98	0.04129	270	0	0.718855504514041
11	58	0.10952	66	0.06568	121	0.01214	830	0	0.950665307324424
36	82	0.10829	67	0.11068	49	-0.00715	1790	1	0.950665307324424
33	43	0.10751	68	0.10138	53	0.03044	419	0	0.950665307324424
37	44	0.10732	69	0.05122	202	0.1549	36	0	0.950665307324424
34	85	0.10544	70	0.08677	74	0.06361	127	0	0.325300815969895
9	58	0.10535	71	0.04194	279	0.03223	393	0	0.53342035665621
4	77	0.1036	72	0.10369	51	0.09376	61	0	0.010592471986927
36	77	0.10141	73	0.02722	451	0.06788	111	0	0.893027946857106
35	75	0.10135	74	0.13113	37	0.01868	655	0	0.950665307324424
38	86	0.10114	75	0.08738	73	0.08308	73	0	0.0211947449986511
8	75	0.10058	76	0.06531	124	0.02763	466	0	0.873969707504089
5	40	0.09971	77	0.06138	141	0.04408	241	0	0.399208341494879
67	76	0.09841	78	0.00127	1264	0.14133	41	0	0.950665307324424
0	83	0.09823	79	0.04685	233	0.0651	124	0	0.407326002973941
44	85	0.09814	80	0.10102	54	0.09181	64	0	0.0148634083415916
43	78	0.09629	81	0.05367	188	0.07276	97	1	0.390865301105428
17	22	0.09507	82	0.0447	247	0.09772	58	1	0.895574900503365
40	77	0.09486	83	0.06217	137	0.06682	115	0	0.142222975606363
22	54	0.09484	84	0.06033	145	0.06674	118	0	0.173764299022758
4	44	0.09392	85	0.06818	109	0.09454	60	0	0.281107350030462
59	69	0.0934	86	-0.00028	1361	0.09961	56	0	0.950665307324424
52	83	0.09187	87	0.11397	45	0.03733	321	0	0.950665307324424
1	16	0.09085	88	0.01778	641	0.08543	69	0	0.950665307324424
0	59	0.08978	89	0.01475	712	0.07351	95	0	0.950665307324424
33	67	0.08868	90	0.06781	110	0.03249	390	0	0.854773040435463
3	40	0.08724	91	0.03723	326	0.06573	121	0	0.71520427762047
10	61	0.08695	92	0.04102	290	0.03746	320	0	0.430414358692963
3	20	0.08646	93	0.05627	168	0.05498	170	0	0.244056133747682
66	88	0.08595	94	0.06585	120	0.04638	221	0	0.437715960881304
35	83	0.08585	95	-0.0188	2579	0.16294	33	1	0.950665307324424
28	62	0.08538	96	0.02571	472	0.03542	352	0	0.597628190843952
0	82	0.08503	97	0.05821	154	0.02851	450	0	0.81257033425844
16	67	0.085	98	0.0685	107	0.0386	313	0	0.775084401340387
74	79	0.08403	99	0.07015	102	0.02261	570	0	0.950665307324424
42	67	0.08377	100	0.03718	327	0.07874	81	0	0.882731171688276
46	88	0.08193	101	0.03052	420	0.06533	122	0	0.860766534004645
38	73	0.08172	102	0.03844	314	0.07867	82	0	0.865876018995233
12	74	0.08171	103	-0.00146	1441	0.06584	120	1	0.950665307324424
35	73	0.08154	104	0.05299	193	0.02366	546	0	0.84391978011301
0	13	0.0812	105	0.08523	78	0.03248	391	0	0.950665307324424
37	88	0.08116	106	0.06166	139	0.03907	302	0	0.578283454718598
12	50	0.08077	107	0.02297	523	0.05232	184	0	0.847182781225265
16	37	0.08067	108	0.02286	527	0.02278	566	0	0.657355165733458
16	43	0.08064	109	0.04745	227	0.05309	181	0	0.292688060340534
20	69	0.08014	110	0.01346	755	0.04913	199	0	0.950665307324424
43	86	0.07937	111	0.0814	81	0.01169	851	0	0.950665307324424
4	24	0.07913	112	0.09854	59	0.02047	609	0	0.950665307324424
17	52	0.07865	113	0.02059	573	0.10124	55	0	0.950665307324424
2	86	0.07779	114	0.01895	617	0.10536	52	1	0.950665307324424
44	77	0.07771	115	0.02475	487	0.10955	51	0	0.950665307324424
16	23	0.07766	116	0.02479	485	0.05254	183	0	0.816491456966902
3	36	0.07693	117	0.01976	594	0.06723	113	0	0.950665307324424
66	83	0.07687	118	0.08078	82	0.03864	309	0	0.871758649741014
0	71	0.07687	119	0.12705	40	0.00984	906	0	0.950665307324424
20	47	0.07649	120	0.0718	97	0.05402	173	0	0.364388700166082
2	51	0.0762	121	0.08201	80	0.03804	317	0	0.884582784766881
64	80	0.07611	122	0.08384	79	0.03433	365	0	0.904447621375628
13	73	0.07602	123	0.05735	160	0.03524	355	1	0.643426525599121
2	82	0.07602	124	0.06829	108	7e-04	1306	0	0.950665307324424
59	70	0.0759	125	0.01785	636	0.08488	70	0	0.950665307324424
33	42	0.07532	126	0.0882	71	-0.01179	2118	0	0.950665307324424
58	67	0.07515	127	0.05452	180	0.03647	331	0	0.543140631732219
24	66	0.07492	128	0.0112	815	0.07688	91	1	0.950665307324424
1	85	0.07473	129	0.0573	161	0.05742	155	0	0.230881792492657
35	40	0.07466	130	0.05487	175	0.02556	508	0	0.83260098554351
22	51	0.07398	131	0.07434	91	0.03132	407	0	0.901882456848799
67	80	0.07365	132	0.01389	741	0.06823	109	0	0.950665307324424
37	77	0.07329	133	0.04466	249	0.06682	116	0	0.518038893806369
60	76	0.07291	134	0.04265	267	-0.01848	2531	0	0.950665307324424
3	80	0.07164	135	0.06285	133	0.06705	114	0	0.125582143101378
43	50	0.07151	136	0.02441	496	0.05312	180	0	0.830005651986987
21	38	0.07116	137	0.06611	118	0.03146	405	0	0.847713396568183
64	69	0.07053	138	-0.02019	2660	0.06809	110	0	0.950665307324424
19	67	0.07046	139	0.00846	922	0.03195	398	0	0.89328821949249
45	83	0.0704	140	0.00968	866	0.10967	50	0	0.950665307324424
9	68	0.07005	141	0.0544	181	0.019	651	0	0.896315504045894
42	83	0.06973	142	0.06615	116	0.04627	226	0	0.471586405933195
4	39	0.06924	143	0.05523	172	0.04377	246	0	0.373465013492794
20	60	0.06825	144	0.06613	117	0.03023	424	0	0.862512408186376
33	50	0.06818	145	0.07524	90	0.01075	881	0	0.950665307324424
54	66	0.06807	146	0.03268	388	0.05629	162	1	0.713342867838724
55	65	0.0679	147	0.04655	236	0.02759	467	1	0.682184489942045
11	21	0.06787	148	0.05633	166	0.02038	612	0	0.896803431085679
10	35	0.06735	149	0.03841	315	0.01068	884	0	0.888965716990921
4	35	0.06725	150	0.04227	271	-0.01947	2594	1	0.950665307324424
16	86	0.06712	151	0.02442	495	0.05887	144	0	0.872504238986702
67	83	0.06711	152	0.03863	311	0.03397	367	0	0.48401909237165
77	84	0.06705	153	0.05086	203	0.02461	528	0	0.818766356257878
36	78	0.0669	154	-0.00514	1694	0.08555	68	0	0.950665307324424
25	52	0.06667	155	0.12532	42	-0.0363	3204	1	0.950665307324424
37	54	0.0666	156	0.00342	1145	0.0603	140	0	0.950665307324424
17	83	0.06652	157	0.04934	216	0.04073	281	0	0.382287594756841
27	72	0.06638	158	0.06279	134	0.02399	538	0	0.896315504045894
28	64	0.06619	159	0.02524	478	0.04557	230	0	0.734190657667918
59	76	0.06616	160	0.04165	283	0.07076	102	0	0.722414295291118
33	41	0.06608	161	0.0243	500	0.04261	257	0	0.732569869102349
0	68	0.06605	162	0.05943	148	0.06865	108	0	0.217283142368848
27	46	0.06601	163	0.06954	105	0.06251	131	0	0.158264551916625
42	79	0.06592	164	0.03361	375	0.06939	106	0	0.85572848095888
15	68	0.06562	165	0.03562	340	0.04185	263	0	0.458539876408127
57	71	0.06548	166	-0.01897	2589	0.05786	152	0	0.950665307324424
9	80	0.06547	167	0.00662	997	0.03575	345.5	0	0.950665307324424
11	59	0.06541	168	0.0646	126	0.02003	622	0	0.950665307324424
26	34	0.06518	169	0.02616	466	0.0268	482	0	0.582299788436942
36	84	0.0651	170	0.02717	454	0.04647	220	1	0.703658506381282
25	49	0.06507	171	0.00136	1256	0.08023	78	0	0.950665307324424
51	87	0.06483	172	0.02403	504	0.05363	177	0	0.844473256069982
29	73	0.06473	173	0.02687	455	0.02753	472	0	0.574189134994434
50	88	0.06467	174	0.07596	86	-0.03757	3232	0	0.950665307324424
24	83	0.06453	175	0.07227	96	0.02628	493	0	0.950665307324424
21	48	0.06445	176	0.01109	818	0.0527	182	0	0.950665307324424
39	70	0.06438	177	0.031	416	0.05537	167	0	0.767944223709411
56	87	0.06434	178	0.05716	162	0.03154	404	0	0.74200857904542
49	59	0.06422	179	-0.01489	2356	0.02179	590	0	0.950665307324424
39	86	0.06386	180	0.07371	92	0.0092	932	0	0.950665307324424
51	86	0.06348	181	0.05394	184	0.02256	573	0	0.865050640650597
4	43	0.06304	182	0.05466	178	-0.00394	1565	0	0.950665307324424
67	72	0.0629	183	0.06238	135	0.00777	986	0	0.950665307324424
38	82	0.06273	184	0.04367	257	0.03087	412	1	0.570014536620493
32	43	0.06151	185	-0.02422	2860	0.09149	65	0	0.950665307324424
5	41	0.06128	186	0.05652	165	-0.00525	1647	0	0.950665307324424
9	61	0.0612	187	0.01392	740	0.07714	90	0	0.950665307324424
3	78	0.06116	188	0.0194	604	0.07065	103	0	0.950665307324424
55	64	0.06104	189	0.02467	490	0.02973	428	1	0.593902535717804
22	83	0.06086	190	0.03622	338	0.04507	235	0	0.477876737597445
0	85	0.06061	191	0.052	199	0.04013	288	0	0.415227253346242
3	15	0.06044	192	0.0495	213	0.01613	727	0	0.895075258878979
5	35	0.05997	193	0.04621	238	0.01958	633	1	0.849799514423247
48	59	0.05992	194	-0.00364	1581	0.07736	88	0	0.950665307324424
33	80	0.05974	195	0.0178	640	0.08122	75	0	0.950665307324424
4	87	0.05951	196	0.02892	432	0.0409	279	0	0.61187140535549
31	38	0.05886	197	0.06425	127	0.04089	280	0	0.590107242594357
31	70	0.05884	198	0.03169	406	-0.00811	1866	0	0.950665307324424
51	58	0.05881	199	0.03952	307	0.00578	1074	0	0.950665307324424
71	88	0.05871	200	0.05471	176	0.06386	126	0	0.256801193289762
32	47	0.05773	201	0.05629	167	-0.00862	1913	1	0.950665307324424
25	30	0.05766	202	-0.02313	2811	0.04104	276	0	0.950665307324424
0	33	0.05762	203	0.04739	228	0.00722	1005	0	0.950665307324424
4	23	0.05752	204	0.03098	417	0.05908	143	0	0.818014349438251
8	13	0.05742	205	0.01394	737	0.00636	1051	0	0.815720412669472
17	68	0.05741	206	0.03727	325	0.00693	1022	1	0.950665307324424
21	75	0.05731	207	0.01705	653	0.01536	743	0	0.729268262779828
58	75	0.05703	208	0.01964	597	0.03639	332	0	0.782878506155994
16	24	0.05668	209	-0.00916	1971	0.07199	99	0	0.950665307324424
11	82	0.05667	210	0.02389	506	0.00141	1259	0	0.899175766003249
26	33	0.05661	211	0.08969	69	-0.005	1631	0	0.950665307324424
11	72	0.0563	212	0.02381	507	0.05119	191	0	0.823151041183354
49	71	0.05627	213	-0.02002	2648	0.06657	119	0	0.950665307324424
65	86	0.05614	214	0.02034	578	2e-05	1337	0	0.893027946857106
28	56	0.05579	215	0.03157	410	8e-05	1335	0	0.950665307324424
49	70	0.05553	216	0.00202	1222	0.02757	470	0	0.950665307324424
8	65	0.05509	217	0.03168	407	0.0074	998	0	0.883354942051636
25	86	0.05497	218	0.05849	152	0.04008	290	0	0.528403455378937
37	52	0.05493	219	0.06169	138	0.02879	446	0	0.835118263955643
17	67	0.05462	220	0.02769	448	0.0481	204	0	0.727586699316044
32	79	0.05459	221	0.0057	1031	0.07865	83	0	0.950665307324424
33	40	0.05448	222	0.04437	251	-0.00382	1556	0	0.950665307324424
16	33	0.05419	223	0.04184	280	0.03505	356	0	0.465142691477151
61	88	0.05381	224	0.01325	764	-0.01248	2168	0	0.950665307324424
12	84	0.05338	225	0.08006	83	-0.01876	2541	0	0.950665307324424
28	57	0.05337	226	0.00825	929	0.00291	1197	0	0.831959610009397
1	39	0.05336	227	0.01538	696	0.0416	267	0	0.885486836061134
12	80	0.05325	228	0.01131	811	0.0258	499	0	0.827328575641453
30	57	0.05304	229	0.02163	546	0.02886	444	0	0.660011325373774
8	70	0.05302	230	0.01193	794	0.01589	733	0	0.771570095161905
24	37	0.05291	231	0.04053	299	0.02214	583	0	0.760335837760981
32	56	0.05287	232	0.01596	681	0.05432	172	0	0.950665307324424
8	77	0.05253	233	0.04119	288	0.07127	101	1	0.746482418500854
25	87	0.05247	234	0.04084	296	0.03591	341	0	0.444832948013605
13	75	0.05224	235	-0.00368	1587	0.0266	486	0	0.950665307324424
29	59	0.05189	236	0.05213	197	0.0136	796	0	0.950665307324424
15	27	0.05174	237	0.00878	904	-0.00791	1847	0	0.901882456848799
0	9	0.05155	238	0.03388	371	-0.02109	2673	0	0.950665307324424
77	83	0.05151	239	0.05039	206	0.04631	224	0	0.303902458577826
1	43	0.05143	240	0.06771	111	-0.00463	1610	0	0.950665307324424
0	44	0.05115	241	0.07571	87	0.01957	634	0	0.950665307324424
63	69	0.0506	242	0.01864	622	0.05355	178	0	0.901882456848799
15	65	0.05042	243	-0.00531	1704	0.01909	649	0	0.950665307324424
28	67	0.05023	244	0.04096	293	0.07576	92	0	0.802439001000577
59	88	0.05018	245	0.044	255	0.01651	718	0	0.872132531228647
48	62	0.05017	246	0.03213	399	0.00537	1091	0	0.899637204145111
32	67	0.05011	247	0.03014	421	0.02479	524	0	0.6186214520909
46	59	0.04995	248	0.01841	627	0.01472	760	0	0.737374002883935
3	77	0.04994	249	0.00613	1015	0.04382	245	0	0.950665307324424
13	57	0.04955	250	-0.00294	1533	0.03899	303	0	0.950665307324424
32	49	0.04944	251	0.03442	359	0.00353	1173	0	0.950665307324424
20	49	0.04939	252	-0.0307	3095	0.04276	254	0	0.950665307324424
31	37	0.04921	253	0.006	1020	0.06315	130	0	0.950665307324424
22	86	0.04917	254	0.03263	389	0.02694	479	0	0.556984744941046
67	73	0.04916	255	0.00088	1282	0.0033	1180	0	0.850821286433909
4	22	0.04899	256	0.05493	174	0.03242	392	0	0.688946519975166
5	57	0.04891	257	0.03328	378	0.01788	670	0	0.761638360349598
21	83	0.0489	258	0.04463	250	0.00698	1016	0	0.950665307324424
31	65	0.0488	259	0.09159	66	-0.02377	2792	0	0.950665307324424
22	67	0.04878	260	0.0461	239	0.02629	492	0	0.707609725805333
58	88	0.04877	261	-0.0195	2610	0.02817	455	0	0.950665307324424
78	84	0.04872	262	0.02633	461	0.04738	214	0	0.735791918664422
17	44	0.04833	263	-0.01028	2045	0.06948	105	0	0.950665307324424
67	86	0.04781	264	0.0218	543	0.07371	94	0	0.950665307324424
34	78	0.04779	265	0.02969	424	0.02256	572	1	0.64913169645751
23	54	0.04777	266	0.07542	89	0.02031	614	0	0.950665307324424
6	78	0.04777	267	0.02048	575	0.04851	202	1	0.861644978585042
56	67	0.04776	268	0.01568	691	0.00094	1289	0	0.866284933571464
37	70	0.04736	269	0.0537	187	-0.01617	2419	0	0.950665307324424
35	85	0.04721	270	0.03309	381	0.0029	1199	0	0.950665307324424
56	78	0.04718	271	0.04097	292	0.01172	849	0	0.890627077833949
41	61	0.04694	272	0.04802	223	-0.0073	1798	0	0.950665307324424
15	74	0.0467	273	0.00045	1312	0.04103	277	0	0.950665307324424
60	78	0.0467	274	0.03207	401	-0.00127	1414	0	0.950665307324424
26	42	0.04657	275	0.08564	76	-0.00891	1930	0	0.950665307324424
33	79	0.04617	276	0.02074	567	0.02664	483	0	0.665201989080609
16	61	0.04615	277	0.01534	698	0.00483	1119	0	0.830662000820764
2	36	0.04598	278	0.04239	269	0.00363	1166	0	0.950665307324424
8	58	0.04572	279	0.03407	367	0.06492	125	0	0.785007148236149
55	86	0.04562	280	0.03275	386	-0.00659	1754	0	0.950665307324424
42	81	0.04549	281	0.03879	310	0.02015	619	0	0.780707291238708
47	75	0.04537	282	0.05293	195	0.0089	945	0	0.950665307324424
28	38	0.04537	283	0.06007	146	0.05143	190	0	0.269154604715286
62	76	0.04525	284	0.03254	390	0.02236	579	0	0.679864669586413
14	28	0.04518	285	0.04719	229	-0.01864	2535	0	0.950665307324424
20	29	0.04504	286	0.04862	220	0.07769	87	0	0.621909190913814
26	46	0.04499	287	0.05355	190	-0.01518	2358	0	0.950665307324424
43	77	0.04477	288	-0.00032	1364	0.05038	195	1	0.950665307324424
48	71	0.04476	289	0.03225	397	0.01516	747	0	0.796006782450802
20	33	0.04449	290	0.0177	643	0.0171	699	0	0.711456965826738
70	88	0.0443	291	0.03977	305	0.03286	384	0	0.495880324100316
8	19	0.04415	292	0.02512	479	-0.00592	1696	0	0.950665307324424
10	28	0.04405	293	0.01124	812	0.00137	1263	0	0.848240339832607
26	43	0.04395	294	0.00398	1119	0.04355	248	0	0.950665307324424
5	43	0.04385	295	0.03694	331	0.01517	746	0	0.83449606872545
25	58	0.04381	296	0.01911	612	0.01349	802	0	0.750803740730856
8	88	0.04365	297	0.01151	804	0.08052	76	0	0.950665307324424
15	20	0.04335	298	-0.00497	1677	0.04248	258	0	0.950665307324424
8	71	0.04323	299	0.07069	101	0.01486	756	0	0.950665307324424
72	82	0.04323	300	0.03716	329	-0.02527	2856	0	0.950665307324424
70	81	0.04322	301	0.06233	136	0.00107	1279	0	0.950665307324424
75	87	0.04318	302	0.04237	270	-0.00967	1983	0	0.950665307324424
21	28	0.04306	303	0.02948	426	0.03117	409	0	0.552464206724389
12	65	0.04291	304	0.02492	483	0.02127	597	0	0.667738336280278
24	87	0.04284	305	0.04766	224	0.00664	1038	0	0.950665307324424
2	40	0.04279	306	0.03128	413	0.00283	1204	0	0.950665307324424
37	64	0.04276	307	0.06662	114	-0.03349	3145	0	0.950665307324424
18	50	0.04274	308	0.02506	480	0.02565	505	0	0.615276033839914
0	76	0.04255	309	0.03249	392	-0.00109	1400	0	0.950665307324424
44	52	0.0425	310	0.05795	156	0.02387	543	0	0.882100694116709
3	87	0.04245	311	0.04695	232	-0.00688	1771	1	0.950665307324424
13	45	0.04211	312	0.03377	372	0.025	517	0	0.625140729815859
4	51	0.04184	313	0.04268	266	0.00549	1086	0	0.950665307324424
71	87	0.04184	314	0.02357	512	0.02488	520	0	0.631440875117249
9	64	0.0418	315	0.02316	521	0.0109	876	0	0.804202938486275
3	13	0.04164	316	0.0206	572	0.00176	1253	0	0.886376834744596
30	67	0.04162	317	0.03684	333	-0.00695	1779	0	0.950665307324424
7	78	0.04157	318	0.00151	1250	0.04604	228	1	0.950665307324424
9	19	0.04152	319	-0.00515	1696	0.02425	535	0	0.950665307324424
1	88	0.04145	320	-0.01151	2125	0.03968	296	1	0.950665307324424
34	44	0.0414	321	0.06424	128	0.03986	292	1	0.628317497310583
16	64	0.0413	322	0.01901	614	0.01761	682	0	0.70164257812249
11	22	0.04124	323	0.00952	875	0.01725	692	0	0.80847798348629
45	71	0.04121	324	-0.02883	3040	0.0608	138	0	0.950665307324424
43	85	0.0412	325	0.03249	393	0.00283	1205	0	0.950665307324424
4	40	0.04102	326	0.03981	303	-0.0196	2601	0	0.950665307324424
31	84	0.04098	327	0.01967	596	0.01144	859	0	0.773925042600448
14	52	0.04096	328	0.03335	377	0.03127	408	0	0.53833164096526
56	64	0.0409	329	0.03558	342	0.02607	496	1	0.604878115049745
24	53	0.0408	330	0.00249	1202	0.03537	354	1	0.950665307324424
50	59	0.04073	331	0.04179	281	0.02288	562	0	0.762926801612942
5	88	0.04053	332	0.0128	772	0.01724	694	0	0.765462343793673
11	61	0.04053	333	0.01622	675	0.05076	193	0	0.904447621375628
14	69	0.04045	334	0.01576	688	0.02527	513	0	0.759019001737932
42	88	0.04022	335	-0.01009	2028	0.01123	867	0	0.950665307324424
17	53	0.04014	336	0.00418	1107	0.03145	406	0	0.950665307324424
11	38	0.04006	337	0.01871	621	0.03694	324	0	0.814158721253719
61	80	0.03968	338	0.03525	345	0.0236	548	0	0.670236543257877
34	81	0.03967	339	0.02066	571	0.01419	779	0	0.745008479141647
15	61	0.03966	340	0.05693	163	0.07929	79	0	0.422920682834562
20	64	0.03963	341	0.01899	616	-0.00447	1604	0	0.950665307324424
64	88	0.03953	342	-0.01734	2492	0.0099	901	0	0.950665307324424
63	82	0.0393	343	0.02178	544	0.03575	344	0	0.699599034419673
48	57	0.03921	344	0.01606	677	0.00096	1284	0	0.867496852602527
7	77	0.0392	345	-0.00108	1420	0.04417	239	1	0.950665307324424
35	60	0.03914	346	-0.00301	1540	0.00644	1050	0	0.879839611538129
62	87	0.03909	347	-0.03542	3229	0.1025	54	0	0.950665307324424
31	44	0.03907	348	0.03275	385	0.02576	500	0	0.586240343106365
30	84	0.039	349	0.02095	564	-0.00338	1528	0	0.950665307324424
56	68	0.03897	350	0.05974	147	-0.02155	2697	0	0.950665307324424
10	84	0.03873	351	0.03434	362	0	1339	0	0.950665307324424
15	70	0.03873	352	-0.00665	1798	0.07791	86	1	0.950665307324424
81	86	0.03854	353	-0.01547	2394	0.07464	93	0	0.950665307324424
34	41	0.03848	354	0.02572	471	0.01918	646	1	0.69113703689067
14	39	0.03846	355	-0.00921	1974	0.05769	153	0	0.950665307324424
12	32	0.03833	356	0.00975	863	0.0452	234	0	0.950665307324424
6	77	0.03823	357	0.01324	765	0.02036	613	1	0.769165569882841
33	86	0.0382	358	0.02938	427	0.00014	1333	0	0.950665307324424
16	72	0.03808	359	0.03717	328	-0.0043	1587	0	0.950665307324424
17	24	0.03804	360	0.01069	833	0.03615	337	0	0.892239455064898
2	84	0.03794	361	0.02408	503	0.02356	549	0	0.634512197570698
48	64	0.0379	362	-0.00421	1627	0.02391	541	0	0.950665307324424
51	66	0.03762	363	0.01862	624	0.03325	374	0	0.7817982997291
57	76	0.03739	364	0.01392	738	0.02905	438	0	0.820251877926421
37	78	0.03738	365	-0.01054	2059	0.02661	485	0	0.950665307324424
79	88	0.03736	366	0.03152	411	0.00215	1229	0	0.950665307324424
13	20	0.0373	367	0.00219	1215	0.00353	1172	0	0.845022820536101
0	86	0.03728	368	-0.03139	3116	0.06679	117	0	0.950665307324424
1	67	0.03723	369	-0.00606	1756	0.06726	112	0	0.950665307324424
2	10	0.03709	370	0.02294	526	0.04107	275	0	0.749379762163188
68	88	0.03694	371	-0.00028	1360	-0.00415	1578	0	0.866691362344799
23	83	0.03691	372	0.01389	742	0.03889	308	0	0.88049443654337
9	42	0.03675	373	0.00482	1072	-0.00429	1586	0	0.872873791917173
21	69	0.03656	374	0.01412	730	0.01864	656	0	0.752211629145745
23	66	0.03647	375	0.04855	221	0.03187	400	1	0.601286106992662
34	42	0.03646	376	0.03206	402	0.03012	425	0	0.547850471735211
58	87	0.03637	377	0.00386	1126	-0.0055	1670	0	0.881463400571395
8	51	0.03633	378	0.00482	1071	0.01923	645	0	0.857138300363152
8	61	0.03629	379	0.00089	1281	0.02192	587	0	0.900547524288919
1	52	0.03622	380	-0.00574	1731	0.06077	139	0	0.950665307324424
42	74	0.03605	381	0.03756	322	0.00524	1098	0	0.950665307324424
32	40	0.03602	382	0.00261	1194	0.04533	232	0	0.950665307324424
60	87	0.036	383	0.04105	289	0.00931	928	0	0.906882076881982
11	42	0.03587	384	-0.00481	1664	-0.01282	2202	0	0.896315504045894
56	65	0.03583	385	0.03162	409	-0.02026	2634	1	0.950665307324424
8	84	0.03564	386	0.01568	690	-0.02897	3000	0	0.950665307324424
2	30	0.03563	387	0.01941	603	0.02286	564	0	0.686724710019355
13	72	0.03561	388	0.06288	132	-0.01426	2304	1	0.950665307324424
14	46	0.03546	389	-0.00122	1428	0.01266	819	0	0.889525083655954
8	32	0.03542	390	0.06551	123	-0.04339	3343	0	0.950665307324424
59	87	0.03528	391	0.06408	129	-0.00911	1943	0	0.950665307324424
57	74	0.0352	392	0.02639	459	0.04343	250	0	0.677510734254939
52	65	0.03509	393	-0.01848	2564	0.05835	150	0	0.950665307324424
20	67	0.03508	394	0.02145	552	0.05837	149	0	0.897526771521994
18	28	0.03506	395	0.01193	793	0.014	781	0	0.770374127091158
39	77	0.03491	396	0.04426	253	-0.00055	1367	0	0.950665307324424
15	49	0.0349	397	-0.01122	2102	0.02247	576	0	0.950665307324424
5	84	0.03482	398	0.02041	577	0.06207	134	1	0.950665307324424
9	88	0.03479	399	0.05579	170	0.01108	873	0	0.950665307324424
42	71	0.03468	400	0.02402	505	0.02178	591	0	0.662626621234498
2	23	0.03467	401	0.01688	658	0.02694	480	0	0.756341435171563
44	76	0.03463	402	0.02268	530	0.01483	757	0	0.743517300727643
14	22	0.03458	403	0.02015	585	0.02499	518	0	0.675121925851111
12	25	0.03456	404	0.01358	751	0.00727	1003	0	0.801545059831408
63	68	0.03432	405	0.02446	494	-0.01807	2509	0	0.950665307324424
36	43	0.03422	406	-0.00372	1592	0.04939	198	0	0.950665307324424
3	43	0.03398	407	0.01564	693	0.02778	463	0	0.786055893847328
29	68	0.03395	408	0.03311	380	-0.00171	1440	0	0.950665307324424
21	57	0.0339	409	0.04065	298	0.03196	397	0	0.523277496287209
31	73	0.03377	410	0.06762	112	-0.01918	2570	0	0.950665307324424
4	38	0.0337	411	0.04322	264	0.01657	714	0	0.86379334848276
8	55	0.03366	412	0.0029	1182	0.01007	895	0	0.849283361551887
44	56	0.03363	413	0.0191	613	0.02172	593	0	0.693296917302895
32	55	0.03348	414	-0.00992	2014	0.03731	322	0	0.950665307324424
4	86	0.03347	415	0.01096	822	0.09238	62	1	0.950665307324424
30	65	0.03343	416	0.00905	890	0.02372	545	0	0.843362350756345
15	88	0.03329	417	0.10005	55	-0.01977	2608	0	0.950665307324424
11	62	0.03317	418	0.03635	336	0.00027	1328	0	0.950665307324424
21	37	0.03303	419	0.01923	608	0.0088	946	0	0.805073147645917
48	74	0.03294	420	0.03796	319	0.00194	1243	0	0.950665307324424
7	40	0.03292	421	0.0127	777	0.04072	282	1	0.895574900503365
19	64	0.03291	422	0.03346	376	0.03317	375	1	0.51268388116645
61	73	0.03258	423	0.03423	366	0.02563	506	0	0.608405980189671
13	35	0.03252	424	-0.0276	2998	0.02102	600	0	0.950665307324424
47	63	0.03249	425	0.03447	358	0.01115	870	0	0.870623770535189
27	67	0.03247	426	0.04338	263	0.0039	1153	0	0.950665307324424
7	36	0.03243	427	0.00934	879	0.04093	278	0	0.950665307324424
26	73	0.03226	428	-0.00605	1755	0.02635	490	0	0.950665307324424
33	56	0.03223	429	0.00621	1011	0.00244	1221	0	0.836957093725209
52	70	0.03218	430	0.01411	731	0.01162	855	0	0.76670988449592
62	71	0.03212	431	0.00355	1140	0.04233	260	0	0.950665307324424
9	22	0.03203	432	0.01069	834	0.02467	527	0	0.826646079893306
26	72	0.03196	433	-0.03027	3080	0.03389	369	0	0.950665307324424
35	56	0.03189	434	-0.04532	3396	0.04775	212	0	0.950665307324424
32	77	0.03175	435	0.02574	470	0.0612	137	0	0.863369028696106
12	86	0.03158	436	0.07261	93	-0.03165	3086	0	0.950665307324424
49	69	0.03141	437	0.0173	649	0.03806	316	0	0.833869159895058
44	83	0.03139	438	0.01744	646	-0.01383	2274	0	0.950665307324424
42	50	0.03135	439	0.04914	217	0.00512	1105	0	0.950665307324424
40	84	0.03123	440	-0.00895	1955	0.04531	233	0	0.950665307324424
22	61	0.03117	441	0.02547	476	0.00731	1001	0	0.857602137050274
31	81	0.03105	442	0.02224	535	0.02325	554	0	0.654657177108167
9	35	0.03099	443	0.09	68	-0.01641	2438	0	0.950665307324424
8	14	0.03098	444	-0.04025	3320	0.04861	201	0	0.950665307324424
13	88	0.03094	445	0.02624	464	0.11544	49	0	0.950665307324424
21	26	0.03093	446	0.04906	218	-0.01674	2450	0	0.950665307324424
11	28	0.03092	447	0.01683	660	0.05157	189	0	0.903182026956762
14	54	0.03091	448	0.04421	254	0.00285	1203	0	0.950665307324424
10	15	0.03082	449	-0.01528	2374	0.05315	179	0	0.950665307324424
18	31	0.03075	450	0.03399	368	-0.01528	2366	0	0.950665307324424
35	41	0.0307	451	0.02782	446	-0.00838	1892	0	0.950665307324424
20	58	0.0306	452	0.04967	212	0.03662	330	0	0.490018638092192
60	67	0.03045	453	-0.00612	1761	-0.00775	1835	0	0.886670434654817
49	64	0.03043	454	-0.03481	3209	-0.00805	1863	0	0.950665307324424
38	45	0.03033	455	0.01641	671	0.06994	104	0	0.950665307324424
27	59	0.03026	456	0.0165	667	-0.01338	2249	0	0.950665307324424
4	42	0.03016	457	-0.00691	1820	0.02375	544	0	0.950665307324424
11	51	0.03012	458	-0.012	2164	0.02882	445	0	0.950665307324424
11	25	0.03009	459	0.00727	969	0.06515	123	0	0.950665307324424
58	84	0.02988	460	0.0195	600	-0.00645	1744	0	0.950665307324424
47	74	0.02977	461	0.05372	186	0.04565	229	0	0.314768303724266
10	64	0.02976	462	0.0344	361	-0.00734	1801	0	0.950665307324424
13	62	0.02958	463	-0.01343	2270	0.03861	312	0	0.950665307324424
47	88	0.02955	464	0.03182	403	-0.02659	2917	0	0.950665307324424
11	64	0.02953	465	-0.00966	2000	-1e-05	1340	0	0.901882456848799
6	19	0.02946	466	-0.01411	2309	0.03681	326	0	0.950665307324424
0	60	0.02945	467	-0.01226	2184	0.02189	589	0	0.950665307324424
40	53	0.02939	468	0.03959	306	-7e-04	1379	0	0.950665307324424
30	77	0.02935	469	0.02327	518	-0.01676	2451	0	0.950665307324424
16	51	0.02931	470	-0.0139	2295	0.04235	259	0	0.950665307324424
15	53	0.02931	471	0.00236	1206	0.04781	211	0	0.950665307324424
45	84	0.02931	472	0.0245	493	0.00872	953	0	0.842235461193599
3	33	0.02931	473	0.02157	547	0.0257	502	0	0.646302115685871
61	71	0.02926	474	0.00428	1101	0.01294	813	0	0.837560956340917
6	41	0.02924	475	0.0247	489	-0.0066	1755	0	0.950665307324424
0	84	0.02917	476	-0.03278	3153	0.03974	294	0	0.950665307324424
49	72	0.0291	477	0.01083	827	0.0198	628	0	0.797886904264214
10	83	0.02908	478	0.02254	534	0.05764	154	0	0.886081709640037
8	42	0.02907	479	-0.00612	1762	0.03221	394	0	0.950665307324424
30	38	0.02901	480	0.02348	514	0.01119	868	0	0.800642991924425
7	18	0.02893	481	0.0407	297	0.0067	1036	0	0.950665307324424
13	69	0.02886	482	0.02294	525	-0.00431	1589	0	0.950665307324424
32	83	0.02862	483	0.03372	373	-0.04221	3322	0	0.950665307324424
66	86	0.02853	484	0.03212	400	-0.00837	1890	0	0.950665307324424
23	65	0.02853	485	-0.00629	1772	0.03565	348	0	0.950665307324424
53	81	0.02847	486	0.02031	580	0.02575	501	0	0.672697463591423
10	48	0.02837	487	-0.02131	2708	0.04126	271	0	0.950665307324424
76	84	0.02836	488	0.0201	586	-0.01795	2500	0	0.950665307324424
23	67	0.02821	489	0.00876	908	0.05363	176	1	0.950665307324424
4	85	0.02809	490	0.02777	447	0.05363	175	1	0.791149801105082
17	32	0.02797	491	0.00571	1030	0.01594	732	0	0.838755361073474
39	78	0.02797	492	0.03603	339	-0.01715	2463	0	0.950665307324424
6	67	0.0279	493	0.00963	869	0.01149	858	0	0.792139612469207
27	88	0.0277	494	0.00955	872	-0.01856	2534	0	0.950665307324424
36	49	0.02766	495	0.0015	1251	-0.00725	1795	0	0.885785047425558
31	88	0.02751	496	-0.01405	2306	0.00706	1014	0	0.950665307324424
33	87	0.02742	497	0.0347	353	-0.00602	1704	0	0.950665307324424
5	38	0.02742	498	0.01691	657	0.00023	1330	0	0.878843807213861
16	42	0.02741	499	0.00211	1219	0.00969	914	0	0.853315913750932
0	17	0.02732	500	-0.01221	2178	0.01497	752	0	0.950665307324424
18	83	0.0273	501	-0.01185	2151	-0.01011	2000	0	0.897765636856441
29	63	0.02723	502	-0.00105	1416	0.0396	297	0	0.950665307324424
12	42	0.02722	503	-0.0163	2443	7e-05	1336	0	0.950665307324424
34	87	0.02713	504	-0.03949	3309	0.03489	358	0	0.950665307324424
38	68	0.0271	505	0.02206	539	0.01655	715	0	0.709546084999216
28	55	0.02708	506	0.00646	1002	-0.00208	1457	0	0.862080057268729
26	79	0.02697	507	-0.02045	2672	0.05886	145	0	0.950665307324424
45	59	0.02692	508	0.06981	104	-0.00507	1634	0	0.950665307324424
2	34	0.02692	509	0.0778	85	-0.00388	1561	0	0.950665307324424
63	87	0.02686	510	-0.00033	1365	0.01511	750	0	0.891974035003481
18	80	0.0268	511	0.0207	569	0.04039	286	0	0.783948070156461
26	48	0.0268	512	0.02329	517	0.01606	730	0	0.717041669215427
35	78	0.02671	513	0.03468	354	0.01135	863	1	0.867895958468179
32	45	0.0267	514	-0.00516	1697	0.03846	314	1	0.950665307324424
30	88	0.02668	515	0.02361	509	0.05159	188	0	0.831313300817366
25	62	0.02666	516	-0.01677	2462	0.01423	777	0	0.950665307324424
3	63	0.02666	517	0.00901	893	0.01537	742	0	0.810136182759724
33	64	0.02651	518	0.03117	415	0.00095	1286	0	0.950665307324424
2	80	0.02648	519	0.02076	565	0.00578	1072	0	0.851326976988341
12	60	0.02613	520	-0.00688	1819	0.05493	171	0	0.950665307324424
23	81	0.0261	521	0.01497	708	0.02457	531	0	0.764201388675878
28	50	0.02604	522	0.04132	285	-0.0342	3160	1	0.950665307324424
56	74	0.02576	523	-0.01498	2357	0.00109	1278	0	0.950665307324424
47	62	0.02574	524	-0.03866	3294	-0.01074	2046	0	0.950665307324424
54	82	0.0257	525	-0.00233	1493	0.03461	360	0	0.950665307324424
38	78	0.02565	526	-0.01057	2061	0.02294	560	0	0.950665307324424
25	53	0.02537	527	0.00326	1158	0.02836	453	1	0.950665307324424
16	22	0.02535	528	-0.00856	1928	0.00696	1021	0	0.950665307324424
30	59	0.02534	529	0.03066	419	-0.03825	3245	0	0.950665307324424
44	66	0.0253	530	-0.01318	2246	0.04111	274	0	0.950665307324424
12	27	0.02518	531	0.03474	351	0.00746	997	0	0.898475597711605
14	35	0.02516	532	-0.01362	2282	0.03305	379	0	0.950665307324424
21	72	0.02516	533	0.06563	122	-0.00382	1557	0	0.950665307324424
16	50	0.02515	534	0.01323	766	0.03042	420	0	0.838160362405956
30	61	0.02514	535	0.01889	619	0.00422	1142	0	0.851829250714702
60	71	0.02496	536	0.04762	225	-0.00433	1592	0	0.950665307324424
18	49	0.02495	537	0.01574	689	0.02174	592	0	0.738937252774167
14	23	0.02491	538	0.03143	412	0.01974	630	0	0.695426799455935
28	65	0.02482	539	0.04019	301	-0.01303	2226	0	0.950665307324424
47	64	0.02478	540	0.00179	1234	-0.03015	3038	0	0.950665307324424
29	49	0.02471	541	-0.01633	2444	0.02318	557	1	0.950665307324424
31	48	0.0247	542	-0.00682	1811	0.01218	828	1	0.950665307324424
38	88	0.02466	543	0.05404	183	-0.01903	2560	0	0.950665307324424
33	39	0.02459	544	0.01158	802	0.00514	1104	0	0.820985543730127
16	62	0.02452	545	-0.02193	2745	0.05193	187	0	0.950665307324424
9	85	0.0245	546	0.0165	668	0.03348	370	0	0.810954561280809
12	19	0.0245	547	0.00258	1196	0.00648	1046	0	0.842800925490315
32	63	0.02447	548	-0.00611	1760	0.03052	416	0	0.950665307324424
6	38	0.02446	549	0.02152	548	0.00295	1195	0	0.883664345388368
27	55	0.0244	550	0.01565	692	0.01009	894	0	0.779605317838932
27	48	0.02437	551	0.00667	995	0.03594	340	0	0.950665307324424
19	50	0.02432	552	0.03397	369	0.00534	1093	0	0.906882076881982
3	8	0.02424	553	0.03637	335	-0.03924	3269	0	0.950665307324424
30	79	0.0241	554	-0.01172	2139	0.04193	261	0	0.950665307324424
53	66	0.02409	555	-0.00416	1625	0.01463	764	1	0.906882076881982
48	56	0.02408	556	-0.00556	1721	0.00602	1061	0	0.897526771521994
13	31	0.02404	557	0.01161	801	0.02198	586	0	0.794091353187332
64	75	0.02402	558	0.021	561	0.05549	166	0	0.888115964825035
21	46	0.02396	559	0.00837	924	-0.02284	2760	0	0.950665307324424
41	78	0.02369	560	0.01994	592	-0.0069	1773	1	0.950665307324424
58	68	0.02365	561	-0.02131	2707	0.04041	285	0	0.950665307324424
23	51	0.02362	562	0.00777	949	0.04115	273	0	0.950665307324424
50	58	0.02361	563	0.05467	177	-0.00095	1393	0	0.950665307324424
32	78	0.02357	564	-0.00114	1424	0.0566	160	0	0.950665307324424
65	83	0.02352	565	-0.02929	3053	0.02487	521	0	0.950665307324424
51	76	0.02344	566	0.00013	1338	0.03063	413	0	0.950665307324424
12	61	0.02331	567	-0.00607	1757	0.05793	151	0	0.950665307324424
32	68	0.02326	568	0.03271	387	-0.00388	1562	0	0.950665307324424
49	87	0.02323	569	-0.01304	2241	0.04636	222	0	0.950665307324424
52	69	0.02313	570	-0.01723	2485	-0.00392	1564	0	0.950665307324424
44	54	0.02313	571	0.00247	1203	0.01754	684	0	0.88241677804669
34	40	0.02308	572	0.00196	1225	0.02536	511	1	0.906882076881982
39	73	0.02308	573	0.00726	970	0.00324	1184	0	0.829344195380195
22	76	0.02305	574	-0.01263	2213	0.04188	262	0	0.950665307324424
2	63	0.02305	575	0.012	789	0.01303	811	0	0.772753669781271
11	74	0.02294	576	0.01316	767	-0.02343	2781	1	0.950665307324424
10	20	0.02285	577	-0.01383	2292	-0.01465	2325	0	0.902752678961005
20	73	0.02269	578	0.09874	57	-0.02979	3029	0	0.950665307324424
32	50	0.02269	579	0.03174	404	-4e-05	1342	0	0.950665307324424
19	78	0.02268	580	-0.00459	1643	0.03309	376	0	0.950665307324424
31	80	0.02263	581	0.01497	707	0.00299	1193	0	0.846648455285547
27	32	0.02259	582	0.00447	1093	0.01416	780	0	0.841665914122186
76	82	0.02253	583	-0.01011	2032	0.0239	542	0	0.950665307324424
47	68	0.02251	584	0.01597	680	-0.00918	1946	0	0.950665307324424
7	43	0.02235	585	0.00367	1136	0.02785	461	1	0.906882076881982
10	72	0.0223	586	-0.06046	3523	0.08157	74	0	0.950665307324424
5	37	0.02229	587	-0.01471	2347	0.01206	839	0	0.950665307324424
65	73	0.02227	588	-0.0067	1801	-0.01424	2301	0	0.898475597711605
18	71	0.02216	589	0.00923	885	-0.01425	2303	0	0.950665307324424
19	28	0.02213	590	0.00926	883	0.00276	1210	0	0.836348724672091
60	66	0.02212	591	0.0577	157	-0.03459	3165	0	0.950665307324424
53	67	0.02209	592	0.0086	913	-0.00182	1444	1	0.864634130282239
0	47	0.02204	593	0.07565	88	-0.05992	3510	0	0.950665307324424
15	71	0.02204	594	-0.00142	1437	0.0246	529	1	0.950665307324424
22	60	0.02198	595	0.03076	418	-0.0016	1436	0	0.950665307324424
61	69	0.02195	596	0.01019	847	0.02139	595	0	0.813367907302861
14	27	0.02188	597	0.01747	645	0.00578	1073	0	0.82867757114368
23	29	0.02184	598	0.00192	1227	-0.00544	1667	0	0.875754839125838
12	45	0.02175	599	-0.03563	3234	0.04791	209	0	0.950665307324424
42	58	0.02171	600	0.01045	840	0.01161	856	0	0.787094457462419
19	31	0.0216	601	0.01035	843	0.01191	843	0	0.788122986646502
63	85	0.02157	602	0.01582	686	0.01371	793	0	0.754980214189962
37	42	0.0215	603	0.0422	273	-0.0192	2575	0	0.950665307324424
11	77	0.02139	604	-0.02813	3017	0.04415	240	0	0.950665307324424
21	67	0.02137	605	0.00174	1238.5	-0.01316	2232	0	0.906882076881982
5	34	0.02136	606	0.01626	674	0.01665	708	0	0.730929193564241
77	82	0.02134	607	0.04167	282	-0.01854	2532	0	0.950665307324424
64	87	0.02131	608	0.01385	744	0.00872	954	0	0.790150517862373
53	62	0.02119	609	-0.00652	1792	0.00914	935	0	0.906882076881982
1	20	0.02118	610	0.02557	474	0.01207	836	0	0.803324924760191
24	34	0.02105	611	0.00988	860	0.00726	1004	0	0.806790564842517
12	59	0.02104	612	-0.00817	1906	0.0862	66	0	0.950665307324424
16	41	0.02097	613	0.01232	782	0.01843	660	0	0.776231929889194
7	74	0.02095	614	-0.00284	1524	0.0014	1260	0	0.867095327913447
6	58	0.02088	615	0.00618	1014	0.01682	705	0	0.839346000776396
8	34	0.02075	616	-0.01501	2360	0.00596	1066	1	0.950665307324424
19	58	0.02069	617	-0.008	1892	0.00717	1010	0	0.950665307324424
41	50	0.0206	618	0.01404	735	-0.01319	2235	0	0.950665307324424
24	65	0.02058	619	-0.00459	1642	0.03891	306	0	0.950665307324424
46	58	0.02056	620	0.02603	467	0.00936	925	0	0.845568514829925
49	60	0.02051	621	0.03432	363	0.01473	759	0	0.822435053496334
22	63	0.02044	622	0.02142	554	0.0047	1123	0	0.865464595740622
26	32	0.02041	623	0.00894	895	0.0105	888	0	0.7997326859544
61	68	0.02038	624	0.01916	610	-0.00212	1460	0	0.902752678961005
0	53	0.02037	625	0.00891	898	0.01689	704	0	0.814942861669201
45	60	0.02028	626	0.02066	570	-0.01416	2295	0	0.950665307324424
2	32	0.02018	627	0.01023	845	-0.02186	2712	0	0.950665307324424
16	69	0.02015	628	0.0426	268	-0.02292	2765	1	0.950665307324424
54	87	0.02014	629	0.0063	1007	-0.02285	2762	0	0.950665307324424
24	68	0.02012	630	-0.00089	1403	0.01399	783	1	0.889802658822647
20	59	0.02006	631	0.01505	706	0.02559	507	0	0.777367808402312
16	70	0.02004	632	0.00961	870	0.0346	361	1	0.892503574047582
36	85	0.02002	633	0.02578	468	0.00977	909	0	0.84051439349782
62	72	0.01997	634	0.03781	321	0.00766	990	0	0.903182026956762
14	88	0.01996	635	0.03431	364	0.00658	1042	0	0.900547524288919
39	80	0.01993	636	0.00785	944	0.0153	745	1	0.819512173721048
35	50	0.01991	637	0.01452	718	0.02823	454	0	0.805935655839702
18	70	0.01988	638	0.01988	593	-0.02133	2684	0	0.950665307324424
8	60	0.01974	639	0.03462	356	-0.0539	3471	0	0.950665307324424
4	57	0.01958	640	-0.00794	1889	0.08026	77	0	0.950665307324424
10	17	0.01949	641	0.01591	683	0.00043	1321	0	0.870241000625532
18	81	0.01946	642	0.00402	1116	-6e-04	1371	0	0.85031214406682
5	32	0.01944	643	-0.00349	1565	0.02659	487	0	0.950665307324424
12	26	0.01941	644	-0.02484	2891	0.03476	359	0	0.950665307324424
32	71	0.01923	645	0.01115	817	-0.00536	1657	0	0.896560042951447
25	64	0.01922	646	-0.00508	1691	-0.00214	1461	0	0.879509500580817
1	63	0.01922	647	0.00291	1180	0.01775	674	0	0.878508194491463
14	75	0.01919	648	-0.01685	2465	-0.00134	1420	0	0.950665307324424
16	53	0.01917	649	0.00402	1115	0.0147	762	0	0.848763649005556
15	32	0.01914	650	0.0724	95	-0.07511	3558	0	0.950665307324424
16	75	0.01914	651	0.04993	209	-0.04292	3337	0	0.950665307324424
8	46	0.0191	652	-0.02007	2650	0.00317	1186	0	0.950665307324424
61	75	0.01907	653	-0.04631	3401	0.06355	128	0	0.950665307324424
22	70	0.01905	654	-0.00028	1359	0.00676	1032	0	0.8612071462388
22	48	0.01904	655	-0.00508	1690	0.02243	578	0	0.950665307324424
17	27	0.01903	656	-0.01534	2379	-0.01201	2135	0	0.906882076881982
1	56	0.01901	657	0.04825	222	-0.00343	1532	0	0.950665307324424
22	65	0.0189	658	-0.01698	2470	0.03928	301	0	0.950665307324424
22	87	0.01885	659	-0.02862	3033	-0.00651	1747	0	0.950665307324424
5	33	0.01884	660	0.01919	609	-0.00536	1659	0	0.950665307324424
10	66	0.01874	661	0.05278	196	-0.01391	2278	0	0.950665307324424
47	80	0.01872	662	0.0067	992	-0.01958	2600	0	0.950665307324424
15	24	0.01869	663	0.0126	778	-0.00403	1571	0	0.891707304225712
3	11	0.01861	664	0.02041	576	-0.01942	2589	0	0.950665307324424
25	55	0.01852	665	0.01955	599	0.01502	751	0	0.725884116316594
10	87	0.01851	666	0.03729	324	-0.05137	3446	0	0.950665307324424
20	79	0.01851	667	0.00723	971	0.05078	192	0	0.950665307324424
18	26	0.01844	668	0.00866	910	0.00819	970	0	0.809310687904032
6	40	0.0183	669	0.04566	244	0.0025	1220	0	0.950665307324424
19	41	0.01829	670	0.02142	553	-0.01233	2156	0	0.950665307324424
42	70	0.01828	671	-0.0204	2671	0.02728	474	0	0.950665307324424
44	61	0.01825	672	-0.01274	2219	-0.00623	1718	0	0.90009443783921
59	66	0.01824	673	0.00832	926	0.04985	197	0	0.950665307324424
6	37	0.01814	674	0.03502	346	-0.00812	1869	0	0.950665307324424
46	65	0.01814	675	-0.01844	2561	0.03499	357	0	0.950665307324424
7	71	0.01813	676	-0.00609	1758	0.00824	965	0	0.904447621375628
4	25	0.01813	677	0.05065	205	-0.03719	3220	0	0.950665307324424
19	48	0.01812	678	0.0094	877	0.01771	675	0	0.811765915093561
58	82	0.01804	679	-0.00501	1685	0.00379	1159	0	0.887829816397478
3	41	0.01803	680	0.01346	756	-0.00639	1738	0	0.906882076881982
20	43	0.01792	681	0.02221	536	-0.01262	2182	0	0.950665307324424
50	82	0.01785	682	0.01973	595	0.00443	1137	0	0.85620150233277
55	66	0.01781	683	0.00946	876	0.01704	700	1	0.807637974643855
35	88	0.01781	684	0.0044	1097	-0.02198	2720	0	0.950665307324424
41	79	0.01776	685	0.00527	1052	0.02698	478	1	0.893804983562744
10	58	0.01772	686	0.01914	611	0.01534	744	0	0.720646233631086
53	68	0.01771	687	0.0033	1155	0.01881	653	0	0.874689880604063
6	80	0.0177	688	-0.02019	2661	0.02956	432	0	0.950665307324424
56	82	0.01769	689	0.00022	1332	0.0368	327	0	0.950665307324424
13	48	0.01768	690	6e-04	1300	-0.02008	2624	0	0.950665307324424
11	80	0.01765	691	-0.00024	1355	0.04701	216	0	0.950665307324424
10	69	0.01757	692	0.00874	909	-0.00568	1678	0	0.891169871492341
67	84	0.01727	693	-0.0238	2845	-0.01474	2332	0	0.950665307324424
39	56	0.01723	694	0.05933	149	0.0234	550	0	0.890899149779636
59	73	0.01719	695	0.0521	198	0.00501	1111	0	0.950665307324424
36	44	0.01717	696	-0.00688	1818	0.03263	388	0	0.950665307324424
37	43	0.01708	697	-8e-04	1392	0.00983	907	0	0.87504688949123
1	36	0.01703	698	0.00512	1058	-0.00208	1456	0	0.859876863295428
20	57	0.01702	699	-0.02172	2733	-0.00145	1428	0	0.950665307324424
42	59	0.01701	700	0.04288	265	0.00286	1202	0	0.950665307324424
0	36	0.01699	701	0.01673	662	-0.03045	3048	0	0.950665307324424
5	36	0.01698	702	-0.0046	1647	0.03616	336	1	0.950665307324424
41	63	0.01694	703	0.02	590	0.01423	778	0	0.740482002672191
2	33	0.01693	704	0.01633	672	0.01052	887	0	0.778492213396347
13	33	0.01687	705	0.003	1174	-0.00527	1649	0	0.876105814156555
26	85	0.01683	706	0.02109	560	-0.01478	2335	0	0.950665307324424
3	64	0.01682	707	0.00529	1051	0.0572	157	0	0.950665307324424
31	68	0.01682	708	0.02987	423	-0.01713	2462	0	0.950665307324424
30	82	0.01681	709	-0.01438	2328	0.0099	900	0	0.950665307324424
5	62	0.01679	710	0.00483	1070	0.01062	886	0	0.824565832853091
31	59	0.01669	711	0.01936	605	-0.00823	1878	0	0.950665307324424
19	63	0.01663	712	0.01088	825	-0.00421	1581	0	0.888400657026498
2	39	0.01658	713	-0.00133	1433	0.02467	525	0	0.950665307324424
0	18	0.01654	714	-0.00247	1504	0.00372	1163	0	0.869855959084364
19	80	0.01654	715	0.0183	629	0.01229	827	0	0.757687615044993
10	67	0.01654	716	0.04132	286	0.03293	382	0	0.507208548188885
8	23	0.01652	717	-0.01323	2250	0.01441	772	0	0.950665307324424
17	72	0.01642	718	-0.03827	3286	0.02922	436	0	0.950665307324424
33	59	0.01636	719	0.02257	533	0.00585	1069	0	0.856671432063697
50	71	0.01635	720	0.0236	511	0.00874	952	0	0.833237483697137
27	57	0.01632	721	0.04352	259	-0.00635	1734	0	0.950665307324424
10	19	0.01631	722	-0.0035	1567	0.00711	1012	0	0.884885717090327
46	60	0.01624	723	-0.01508	2364	-0.00252	1477	0	0.950665307324424
55	60	0.01623	724	0.00601	1019	0.00731	1002	0	0.82171324477121
0	10	0.01615	725	0.04624	237	-0.01121	2078	0	0.950665307324424
17	47	0.01614	726	0.00299	1175	-0.00137	1423	0	0.855252337331697
3	32	0.01612	727	0.01097	821	0.01954	638	0	0.795053543121083
5	18	0.01594	728	0.01665	665	0.00282	1206	0	0.859427750677794
5	29	0.01594	729	-0.01038	2052	-0.01446	2319	0	0.899175766003249
29	60	0.01592	730	-0.02387	2849	-0.03009	3036	0	0.950665307324424
29	64	0.01582	731	-0.03444	3199	-0.04043	3292	0	0.950665307324424
14	60	0.01579	732	-0.00908	1965	0.00818	971	0	0.950665307324424
1	55	0.01578	733	0.02352	513	-0.0094	1960	0	0.950665307324424
29	53	0.0157	734	0.00756	957	-0.00283	1498	0	0.86946862562926
37	63	0.01567	735	0.00448	1092	-0.00948	1965	0	0.902752678961005
9	23	0.0156	736	-0.0015	1444	0.01371	794	0	0.893547228668479
2	9	0.01551	737	0.00341	1147	0.02246	577	0	0.886962521163438
4	41	0.01543	738	0.00967	867	0.00555	1082	0	0.817256075895201
4	66	0.01543	739	-9e-05	1346	0.01944	641	0	0.899637204145111
19	88	0.01533	740	0.01751	644	0.01398	784	0	0.747939416029327
12	79	0.01531	741	0.04657	235	-0.06002	3511	0	0.950665307324424
3	37	0.01529	742	0.02072	568	0.00987	902	0	0.79881402855354
8	85	0.01527	743	0.00427	1104	0.01203	841	0	0.835735798547414
5	61	0.01516	744	0.00693	982	-0.00158	1435	0	0.858062971558191
58	72	0.01516	745	-0.01459	2341	0.04264	255	0	0.950665307324424
32	51	0.01509	746	-0.0068	1808	0.00555	1081	0	0.901882456848799
50	66	0.01505	747	0.0136	750	-0.00019	1351	0	0.869078979735619
15	84	0.01502	748	-0.00687	1816	0.03326	373	0	0.950665307324424
20	87	0.01499	749	-0.00268	1515	0.00587	1068	0	0.876454811863155
17	88	0.01498	750	0.02551	475	0.00946	922	0	0.839932329240613
39	88	0.01498	751	0.04576	243	0.01206	838	0	0.904447621375628
7	47	0.0149	752	-0.00805	1895	-0.00067	1376	0	0.897045676552613
52	81	0.01483	753	0.04206	276	-0.00845	1898	0	0.950665307324424
64	72	0.01475	754	0.01135	810	-0.03506	3180	0	0.950665307324424
32	76	0.01463	755	0.00394	1122	0.01918	647	0	0.871004288857142
37	67	0.01452	756	0.11468	44	-0.06211	3522	0	0.950665307324424
0	16	0.01451	757	-0.00273	1517	-0.00844	1897	0	0.887542200542087
11	31	0.01448	758	0.10239	52	-0.02827	2980	0	0.950665307324424
1	41	0.01438	759	0.02258	532	0.01658	710	0	0.705647375214994
26	69	0.01436	760	-0.01471	2346	0.04675	218	0	0.950665307324424
23	85	0.01431	761	0.00511	1059	0.01124	865	0	0.825958167512258
14	31	0.01427	762	0.01061	836	-0.0292	3007	0	0.950665307324424
45	80	0.01427	763	-0.01343	2269	0.00332	1176	0	0.950665307324424
42	60	0.01423	764	2e-04	1333	-0.00172	1442	0	0.858975749876125
48	85	0.01423	765	0.00668	993	0.00411	1145	0	0.825264773757682
58	83	0.0142	766	0.04997	208	-0.07663	3559	0	0.950665307324424
10	54	0.01419	767	0.00127	1263	-0.00236	1469	0	0.86032311532314
7	32	0.01416	768	-0.00733	1843	0.02252	574	0	0.950665307324424
16	74	0.01416	769	-0.01194	2159	0.03338	371	0	0.950665307324424
6	59	0.01413	770	0.01166	798	-0.01245	2162	0	0.950665307324424
41	85	0.01412	771	0.02208	538	0.02634	491	0	0.637532754936338
30	56	0.0141	772	-0.06576	3539	0.05928	141	0	0.950665307324424
25	61	0.01409	773	-0.01261	2212	0.02324	555	0	0.950665307324424
30	62	0.01402	774	0.01279	773	0.03427	366	0	0.864215040902313
10	49	0.014	775	-0.00495	1675	0.06204	135	0	0.950665307324424
63	84	0.01395	776	0.00117	1270	0.00041	1323	0	0.852328142126411
22	28	0.01394	777	-0.0232	2817	0.02535	512	0	0.950665307324424
44	79	0.01391	778	0.0165	669	0.01353	799	0	0.753603698591115
29	43	0.0139	779	0.02836	445	-0.02705	2930	0	0.950665307324424
47	56	0.01388	780	0.00877	907	0.04126	272	0	0.950665307324424
29	56	0.01382	781	-0.02432	2864	0.05728	156	0	0.950665307324424
19	73	0.01381	782	-0.00179	1458	0.00458	1130	0	0.868292667301605
16	88	0.01378	783	-0.0332	3167	0.03694	325	0	0.950665307324424
51	59	0.0137	784	0.00757	956	0.00395	1151	0	0.823861277965337
37	80	0.01368	785	-0.00602	1752	0.00517	1102	0	0.894570813008205
57	72	0.01362	786	0.05601	169	-0.02227	2733	0	0.950665307324424
67	79	0.01358	787	-0.00713	1831	0.01653	717	0	0.950665307324424
6	15	0.01357	788	0.01272	776	0.00834	962	0	0.793120085990318
21	82	0.0135	789	-0.00682	1812	-0.00611	1712	0	0.887253105941938
8	41	0.01342	790	-0.00329	1554	0.00756	992	0	0.885187063380666
23	70	0.01338	791	-0.00168	1449	0.02539	510	0	0.950665307324424
3	69	0.0133	792	0.01514	702	-0.0102	2007	0	0.950665307324424
20	41	0.01325	793	0.00408	1112	-0.00105	1399	0	0.853804860705073
61	74	0.01319	794	0.03817	318	0.02809	457	0	0.561414873500129
63	79	0.01315	795	0.00233	1208	0.01551	740	0	0.87540186991881
11	63	0.01313	796	-0.03773	3274	-0.01547	2385	0	0.950665307324424
17	65	0.01311	797	-0.01292	2232	0.02428	534	0	0.950665307324424
68	76	0.01305	798	-0.00705	1827	0.01748	687	0	0.950665307324424
20	84	0.01304	799	0.00306	1170	0.01847	658	0	0.877490106735807
63	78	0.01304	800	0.00321	1160	0.01905	650	0	0.877831359920386
23	86	0.01303	801	0.00084	1286	0.01879	654	0	0.894570813008205
70	80	0.01301	802	0.00712	976	-0.00297	1510	0	0.868687000633034
2	22	0.01299	803	0.02259	531	-0.00837	1889	0	0.950665307324424
20	61	0.01297	804	0.04219	274	-0.02227	2735	0	0.950665307324424
51	83	0.01293	805	0.0286	442	-0.02366	2788	0	0.950665307324424
5	85	0.0129	806	-0.01144	2120	0.02223	582	1	0.950665307324424
3	12	0.01286	807	0.05342	191	-0.03977	3279	0	0.950665307324424
51	85	0.01282	808	-0.00229	1490	0.01723	695	0	0.904447621375628
6	33	0.0128	809	-0.0045	1635	0.02902	440	1	0.950665307324424
55	63	0.01279	810	0.02325	519	-0.00033	1360	0	0.906882076881982
7	34	0.01272	811	-0.0086	1933	0.01842	661	1	0.950665307324424
14	80	0.01264	812	-0.00388	1604	0.01229	826	0	0.901882456848799
22	57	0.01255	813	-8e-04	1394	0.00645	1049	0	0.862942056910787
8	82	0.01253	814	-0.00214	1477	0.00781	983	0	0.881782906230231
32	73	0.01245	815	0.01353	753	-0.04678	3397	0	0.950665307324424
29	76	0.01242	816	-0.02138	2713	0.01319	808	0	0.950665307324424
27	70	0.01239	817	-0.03313	3166	0.02799	459	0	0.950665307324424
28	40	0.01229	818	-0.00685	1815	-0.00093	1391	0	0.891439252998548
52	86	0.01228	819	0.04902	219	0.00444	1136	0	0.950665307324424
6	88	0.01224	820	0.00963	868	-0.01393	2281	0	0.950665307324424
2	79	0.01222	821	-0.01843	2558	0.0309	411	0	0.950665307324424
42	77	0.01219	822	0.00706	979	-0.00092	1389	0	0.854290558842244
49	55	0.01209	823	0.03477	350	-0.01543	2383	0	0.950665307324424
65	72	0.01205	824	-0.00381	1599	0.02842	451	0	0.950665307324424
26	35	0.012	825	0.01998	591	0.02329	552	0	0.684470931591503
12	71	0.01199	826	-0.00552	1718	-0.03269	3123	0	0.950665307324424
43	67	0.01199	827	-0.00114	1423	0.00961	918	0	0.87817071725394
16	68	0.01196	828	0.01858	625	-0.00945	1961	1	0.950665307324424
20	78	0.01189	829	-0.00329	1555	-0.00556	1672	0	0.876801848908482
25	72	0.01187	830	0.02375	508	0.0028	1208	0	0.894823640794756
13	46	0.01177	831	0.06726	113	-0.04293	3338	0	0.950665307324424
36	88	0.01174	832	-0.00845	1923	-0.01238	2158	0	0.894061493264284
7	72	0.01172	833	-0.0066	1795	0.00796	976	0	0.906882076881982
34	60	0.01168	834	0.00847	921	0.02487	522	0	0.858520832940251
16	29	0.01166	835	0.00277	1192	-0.01558	2392	0	0.950665307324424
18	61	0.01165	836	0.01418	729	0.00477	1121	0	0.828005718481785
25	46	0.0116	837	-0.02079	2684	-0.00974	1984	0	0.950665307324424
72	80	0.01146	838	-0.01736	2495	0.03337	372	0	0.950665307324424
16	58	0.01129	839	0.01137	809	-0.02354	2786	0	0.950665307324424
29	52	0.01128	840	-0.03413	3194	0.03252	389	0	0.950665307324424
35	81	0.01123	841	0.03863	312	-0.02067	2654	0	0.950665307324424
54	62	0.01122	842	0.00171	1241	-0.00015	1348	0	0.852823685273612
5	79	0.01122	843	0.00161	1245	-0.01087	2054	0	0.898710065153379
9	24	0.01116	844	0.03501	347	-0.00245	1475	0	0.950665307324424
15	22	0.01114	845	-0.00829	1912	0.01327	806	0	0.950665307324424
21	86	0.01112	846	0.00011	1339	-0.00655	1750	0	0.880819179922327
33	77	0.0111	847	-0.01704	2471	0.02052	608	0	0.950665307324424
6	14	0.01107	848	0.00453	1086	-0.00509	1636	0	0.879177570830352
2	54	0.01096	849	0.01339	762	-0.00347	1536	0	0.889246106594479
49	57	0.01094	850	-0.00406	1616	0.00436	1139	0	0.883043888563774
10	27	0.01092	851	0.00312	1163	-0.02641	2912	0	0.950665307324424
0	27	0.01089	852	-0.02276	2794	0.0265	489	0	0.950665307324424
44	53	0.01088	853	0.00313	1162	0.01066	885	0	0.846110379690114
20	71	0.01081	854	0.02841	443	0.03584	343	0	0.565757276794948
24	54	0.01079	855	0.00736	966	0.01985	627	1	0.84109223989809
68	86	0.01079	856	0.00416	1108	-0.00432	1590	0	0.873606507813901
60	81	0.01073	857	0.01508	704	-0.0045	1606	0	0.902752678961005
33	68	0.01071	858	0.00399	1118	-0.00716	1791	0	0.890078842635122
54	60	0.01063	859	0.01019	848	0.0123	825	0	0.789141626127189
31	42	0.01061	860	0.0203	581	0.00985	905	0	0.796951195491077
36	72	0.01057	861	0.01407	733	-0.00096	1395	0	0.88114216317457
22	62	0.01056	862	-0.01349	2276	0.01429	775	0	0.950665307324424
2	15	0.0105	863	0.00327	1157	-0.05288	3461	0	0.950665307324424
43	60	0.01045	864	0.02883	436	-0.01652	2443	0	0.950665307324424
12	41	0.01043	865	0.00386	1125	-0.01134	2084	0	0.904447621375628
3	35	0.01043	866	0.01076	831	-0.00177	1443	0	0.874330825820695
12	73	0.01039	867	-0.00401	1612	-0.02636	2909	1	0.950665307324424
43	49	0.01039	868	0.00692	984	-0.0083	1883	0	0.899866342948432
20	25	0.01037	869	-0.02533	2919	-0.01273	2193	0	0.950665307324424
39	61	0.01034	870	-0.02403	2854	-0.00715	1789	0	0.950665307324424
41	48	0.01027	871	0.02151	549	-0.01232	2155	0	0.950665307324424
5	50	0.01026	872	-0.00038	1368	0.01043	890	0	0.877146941768682
49	67	0.01023	873	0.04432	252	0.04705	215	0	0.355045736218163
9	47	0.01018	874	0.0716	99	-0.03173	3092	0	0.950665307324424
25	83	0.01012	875	0.04084	295	-0.03891	3262	0	0.950665307324424
17	86	0.0101	876	-0.00462	1648	-0.01001	1997	0	0.890353645528534
2	12	0.0101	877	-0.01732	2490	0.04907	200	0	0.950665307324424
28	63	0.01005	878	0.01402	736	-0.02066	2651	0	0.950665307324424
1	51	0.01005	879	-0.01967	2623	0.02713	475	0	0.950665307324424
12	23	0.01005	880	-0.00496	1676	0.0121	833	0	0.906882076881982
44	55	0.01002	881	-0.00151	1445	0.00849	958	0	0.880167918610429
0	75	0.01002	882	0.04098	291	-0.04479	3362	0	0.950665307324424
8	37	0.00995	883	-0.01402	2304	-0.02046	2643	0	0.950665307324424
28	86	0.00994	884	0.02487	484	-0.013	2222	0	0.950665307324424
11	18	0.00984	885	-0.00389	1605	-0.00041	1363	0	0.873241208703538
21	30	0.0098	886	-0.02233	2766	0.01588	734	0	0.950665307324424
19	38	0.00976	887	0.01196	791	-0.01634	2434	0	0.950665307324424
68	87	0.00974	888	-0.00384	1601	-0.00793	1848	0	0.88397211167041
49	62	0.00973	889	0.02958	425	0.00187	1247	0	0.950665307324424
