seq1	seq2	coupling_score	coupling_rank	contact	distance	coupling_score_r1	coupling_rank_r1	coupling_score_r2	coupling_rank_r2	IDR
52	81	2.69672	1	0	8.64236483839927	1.94975	1	2.26381	1	3.06354043244639e-08
35	40	2.23472	2	1	6.37231025610022	1.80801	2	1.7117	2	7.87487569042788e-08
52	80	2.15087	3	1	3.82523790109844	1.6041	3	1.61527	3	1.53161007321323e-07
29	49	1.52264	4	1	5.43289885788425	1.11439	6	1.14816	4	3.55340206287247e-07
27	49	1.45386	5	1	7.1676441736459	1.25655	4	0.954	7	5.28878186600856e-07
81	88	1.40892	6	0	20.1228317092799	1.0477	8	0.91359	10	1.50810747651726e-06
51	83	1.37454	7	0	11.1054803588138	1.02553	9	1.02733	6	9.42892588165886e-07
81	90	1.35186	8	0	22.9063723011742	0.93683	10	0.83669	14	2.96623211226699e-06
56	69	1.32142	9	1	6.69611237958265	1.18028	5	0.90697	11	1.22064488156104e-06
48	84	1.28451	10	1	6.50356433042682	1.10374	7	1.11196	5	6.83823467813779e-07
33	46	1.15759	11	1	5.6735953327674	0.89436	12	0.87363	12	2.51535433294269e-06
52	57	1.14039	12	1	5.56196601931368	0.78398	16	0.80555	16	5.35592920599542e-06
33	40	1.1246	13	1	5.32289639200314	0.83754	13	0.91955	9	1.99593784477869e-06
53	58	1.07325	14	1	5.21698686983205	0.8962	11	0.81882	15	3.4837176206431e-06
49	83	1.02828	15	0	8.05234922243192	0.81162	15	0.85887	13	4.05684023045495e-06
39	44	1.02354	16	1	4.20979726352707	0.68509	19	0.92394	8	4.63123431851583e-06
61	69	1.00511	17	0	8.00081708327343	0.6368	21	0.77782	18	7.93228824497464e-06
30	44	0.91618	18	1	5.98234903695864	0.74647	17	0.78908	17	6.82669659949712e-06
48	83	0.89946	19	1	5.88483559668408	0.82512	14	0.7243	19	6.10711741939476e-06
29	47	0.89385	20	1	5.19925937033343	0.55578	29	0.65292	23	1.16172184192782e-05
83	88	0.8923	21	0	15.0476440680925	0.4841	42	0.70229	21	3.66067408517079e-05
49	82	0.88878	22	1	4.42998532728947	0.6284	22	0.48091	44	4.38148094798717e-05
28	63	0.85981	23	1	6.12457255651364	0.69395	18	0.6621	22	9.03632955515099e-06
54	79	0.84534	24	0	8.38473392541469	0.46996	45	0.71017	20	4.75929693190059e-05
20	29	0.84038	25	1	6.30509524115219	0.64529	20	0.49959	37	2.74365311187375e-05
82	89	0.83007	26	0	19.9067792723986	0.40163	55	0.62971	25	9.89593165487967e-05
51	88	0.78896	27	0	22.9128436035338	0.48183	43	0.61736	27	5.11524824757542e-05
51	81	0.77276	28	1	6.41009999921998	0.55473	30	0.5922	30	2.47751665899495e-05
61	66	0.76674	29	1	5.26235935679045	0.55364	31	0.58937	31	3.01407575823222e-05
55	79	0.76417	30	0	9.30972448571922	0.51992	34	0.45814	49	7.75786727996802e-05
84	89	0.72363	31	0	13.2056356908708	0.59299	25	0.47497	45	5.48756664566615e-05
54	78	0.7166	32	1	5.21482013112629	0.50674	37	0.48634	39	5.86796771026052e-05
53	66	0.71499	33	1	6.39238703459044	0.59122	26	0.59819	29	1.69362099469354e-05
40	45	0.6999	34	0	9.00738036279139	0.62748	23	0.58213	32	1.94143509835987e-05
34	40	0.69599	35	1	7.06267838712765	0.49052	39	0.36348	67	0.000157741158219615
20	31	0.6958	36	1	4.4685946336628	0.44308	46	0.48178	43	9.34794757169849e-05
32	46	0.687	37	1	5.64343742766765	0.53008	33	0.47416	46	6.74082346219328e-05
65	70	0.68301	38	0	10.1516412466162	0.49982	38	0.63948	24	3.3073930187638e-05
33	39	0.68004	39	1	4.8984011677281	0.62336	24	0.54375	33	2.20220815702987e-05
18	34	0.67157	40	1	7.87600158709989	0.44201	47	0.51459	36	7.24765855508337e-05
18	31	0.67051	41	1	4.23010271742897	0.51812	35	0.52954	34	4.00179184172667e-05
22	29	0.66744	42	1	5.03410021751653	0.39593	56	0.48516	40	0.000106565813681149
63	68	0.65526	43	0	9.61977177483957	0.53961	32	0.4391	51	8.28227758386603e-05
7	78	0.65078	44	1	5.400845952256	0.33691	75	0.42402	57	0.000273158198301001
7	76	0.65011	45	1	6.66006433902856	0.51162	36	0.35063	73	0.000238704530343565
18	32	0.64358	46	1	4.6387708501283	0.30679	88	0.62122	26	0.000560688277840869
30	50	0.63966	47	1	7.36575590146728	0.57903	27	0.61155	28	1.43892289947964e-05
55	78	0.60354	48	1	6.43043280036422	0.38902	57	0.44215	50	0.000125400498189975
53	78	0.59847	49	1	7.26962337401326	0.42831	51	0.43711	52	0.000115336592746163
31	46	0.55906	50	1	6.75032814017215	0.30643	89	0.52057	35	0.000445671559639765
80	89	0.5543	51	0	27.24966381444	0.30961	86	0.40386	60	0.000364428664389739
79	90	0.53373	52	0	27.2329170306818	0.34636	73	0.27364	98	0.000790503167113297
28	66	0.53298	53	1	4.67809854534938	0.57813	28	0.46297	47	6.29542998790775e-05
51	57	0.53075	54	1	6.75142103560428	0.43452	50	0.38438	65	0.000202492510378536
16	21	0.51495	55	0	17.422636138082	0.38385	60	0.43048	54	0.000168898428563545
15	21	0.5115	56	0	17.6039152747336	0.26431	116	0.45934	48	0.00145888877806591
79	84	0.50551	57	0	14.2594137677536	0.37056	65	0.48423	41	0.000146250611777731
7	12	0.50058	58	0	17.8991965741482	0.43829	49	0.49368	38	8.81662012934085e-05
45	84	0.49892	59	1	6.70232303011426	0.4154	54	0.38816	64	0.000213959927492093
30	39	0.49728	60	1	7.84933659617168	0.35904	68	0.30962	83	0.000391038661645892
9	76	0.49022	61	1	5.50160213028896	0.3585	69	0.28774	93	0.000649883545952342
20	25	0.48459	62	0	10.5455320396839	0.44033	48	0.28808	92	0.000474720705687236
78	89	0.48116	63	0	31.9315650884826	0.22788	142	0.35734	70	0.00298357236599946
64	70	0.47451	64	0	10.8959783865424	0.27292	104	0.42168	58	0.000906189099207127
60	66	0.47183	65	0	10.2001691652639	0.26323	117	0.48274	42	0.00167749903741379
59	65	0.46807	66	0	11.3316020932611	0.38694	58	0.42121	59	0.000191392844748938
51	80	0.46507	67	1	4.49467340304054	0.34809	71	0.32717	76	0.000337594262467586
60	65	0.46299	68	0	9.36123784549885	0.382	61	0.2475	123	0.00175215753939769
44	80	0.45902	69	0	11.3173669199156	0.4853	41	0.35403	71	0.000225996375200369
20	26	0.45845	70	0	12.8738703193717	0.32712	80	0.40051	61	0.000313778854639575
4	83	0.44795	71	1	6.39940505047149	0.28198	101	0.282	95	0.00122340070579033
21	27	0.44636	72	1	5.88309790841526	0.37532	64	0.35291	72	0.000291281901741887
56	61	0.44577	73	0	8.61370889919087	0.31729	82	0.24632	124	0.00182710261265008
83	89	0.44476	74	0	16.1061607157013	0.33266	76	0.28372	94	0.000717633926453954
51	82	0.44148	75	1	6.11115782810426	0.3313	77	0.24434	128	0.0019867741304702
53	70	0.43138	76	1	6.14249892144882	0.42803	52	0.33243	75	0.00025536077160454
11	41	0.43043	77	0	9.37792274440348	0.37548	63	0.28981	91	0.000532168863997966
31	63	0.42808	78	0	10.7486542878632	0.4187	53	0.42781	55	0.000135262766350723
28	61	0.42331	79	1	7.53352905350474	0.30575	90	0.39221	62	0.000503021372643456
6	11	0.41283	80	0	14.552939153312	0.35573	70	0.22966	142	0.00298357236599946
37	43	0.40851	81	0	9.94826205927447	0.37039	66	0.18889	186	0.0147890511740074
38	73	0.40664	82	0	11.1661439628907	0.16127	251	0.25797	112	0.0546609603979398
28	50	0.40227	83	1	4.87422086081458	0.30237	92	0.39055	63	0.000589494088443452
33	44	0.39635	84	1	5.24309631801667	0.27387	103	0.34421	74	0.000986640406851129
58	66	0.39188	85	1	4.79468914529399	0.1853	197	0.43081	53	0.0442369689158274
63	71	0.38997	86	0	12.0584767694763	0.1733	223	0.30333	84	0.042921748150113
5	13	0.38976	87	0	23.2114945878114	0.32941	78	0.3262	77	0.000418403133556467
64	71	0.38871	88	0	9.91425423317357	0.26006	121	0.24495	127	0.00257952723629188
77	84	0.38558	89	0	19.9932008692955	0.36814	67	0.27073	99	0.000753881581750424
28	58	0.37816	90	1	6.60680240358375	0.47189	44	0.26546	102	0.000866771127024391
13	74	0.37812	91	0	13.7600550144249	0.24517	130	0.22764	144	0.00411100784047347
2	7	0.37129	92	0	16.0783343975674	0.31306	84	0.32207	80	0.000618750587583408
33	42	0.36873	93	0	9.56733886720858	0.38678	59	0.42437	56	0.000179940883349955
17	33	0.36866	94	1	4.97168874729704	0.26555	114	0.17712	206	0.013338641945831
58	69	0.36112	95	1	6.75591400182093	0.25315	125	0.359	69	0.00190266941389707
6	12	0.35717	96	0	18.907623356731	0.29019	97	0.32618	78	0.000827859124907914
62	70	0.35646	97	0	13.0129143930174	0.31941	81	0.2039	169	0.00764518012447288
31	47	0.35412	98	1	7.67860469095786	0.2969	94	0.25892	111	0.00139374075488328
9	14	0.35401	99	0	9.75518539034497	0.272	109	0.23329	136	0.00270090641746368
53	79	0.35154	100	1	6.16674549499167	0.26875	112	0.2255	148	0.00360514951983742
44	81	0.35073	101	1	6.96471456701565	0.48682	40	0.26213	107	0.00117420628003294
8	38	0.34976	102	1	4.57466042455612	0.28616	98	0.25161	116	0.00160320580059019
30	46	0.34492	103	1	5.41420234198908	0.13457	312	0.25071	117	0.196625400874615
17	39	0.34444	104	1	3.87830413969817	0.23396	135	0.14458	280	0.0831988668345629
62	68	0.34162	105	0	9.4207255559219	0.25216	126	0.11162	392	0.4762847997949
37	42	0.34064	106	0	8.75419019670009	0.25937	122	0.25782	113	0.00226587890349238
5	12	0.34058	107	0	23.5419932036351	0.28216	100	0.28999	89	0.00107591549222535
5	10	0.34036	108	0	16.6519700035762	0.20817	160	0.29678	87	0.00509372115149034
53	69	0.33873	109	1	4.32014559939824	0.21812	150	0.14681	276	0.0681103083800035
77	82	0.33501	110	0	16.8347126497603	0.26233	118	0.22676	145	0.0034441065036685
14	20	0.33405	111	0	17.8205506648925	0.23407	134	0.17355	212	0.0140523240467481
49	58	0.32805	112	0	9.95814510840247	0.23756	133	0.2672	100	0.00246257076386977
44	82	0.32725	113	0	11.8941493600846	0.20797	161	0.36552	66	0.00678050077001515
26	59	0.32717	114	1	6.46819773971081	0.30465	91	0.16172	244	0.0792848374985609
5	52	0.32623	115	0	8.56197039238048	0.22247	146	0.07691	571	0.686055954466
55	81	0.32611	116	0	12.2331452210787	0.18005	206	0.29571	88	0.018855948404557
38	44	0.32463	117	0	8.79275821343906	0.16741	234	0.23199	139	0.025519965234964
82	87	0.32226	118	0	16.2325291621485	0.2324	137	0.20994	161	0.00623495994724825
22	63	0.32084	119	0	11.2546807151514	0.25522	124	0.11826	368	0.39608161386903
63	70	0.31787	120	0	11.0679577158571	0.32747	79	0.28993	90	0.000682855894888104
3	11	0.31678	121	0	24.6857827301465	0.27202	108	0.21355	157	0.00466256757287136
36	41	0.31273	122	1	6.91564161882323	0.27181	110	0.30099	85	0.00127686053542405
22	27	0.31252	123	1	7.18249302122877	0.19457	187	0.19618	178	0.0108467469788326
5	11	0.31225	124	0	18.9093948343145	0.31364	83	0.23648	131	0.0021717600358003
7	13	0.31125	125	0	18.47254987813	0.28259	99	0.31425	82	0.000946393367622279
65	72	0.30909	126	0	11.0335579936845	0.10994	407	0.24852	121	0.509952198335504
54	73	0.30853	127	1	6.22112256751143	0.33706	74	0.26238	106	0.00103122292487922
48	87	0.3085	128	0	18.1584821226886	0.20052	175	0.25548	115	0.00734998576092746
18	23	0.30063	129	0	16.6349920649215	0.17812	213	0.27976	96	0.0206887281060975
14	38	0.29995	130	1	6.65682371705906	0.26115	119	0.20988	162	0.00553433599738267
55	90	0.29923	131	0	34.9698290816527	0.34789	72	0.24811	122	0.00153158788289466
9	75	0.29913	132	1	7.42168808290944	0.27211	107	0.22049	151	0.00377409327708838
21	63	0.2982	133	1	6.62828673187876	0.20831	159	0.3002	86	0.0048762763007007
4	9	0.29527	134	0	17.0705784612004	0.29882	93	0.26204	108	0.00133262611955163
80	87	0.29177	135	0	24.2822419475632	0.12667	337	0.19262	180	0.124680133335192
44	90	0.29167	136	0	22.3010606250017	0.16465	244	0.17142	217	0.0330481317412758
45	85	0.28996	137	0	11.3042013428636	0.21248	155	0.22625	146	0.00599984795378238
78	84	0.28942	138	0	19.5498596158643	0.30785	87	0.26321	105	0.00112542435943812
13	18	0.28717	139	0	12.9386452536577	0.12627	339	0.22936	143	0.205527328826004
61	70	0.28601	140	0	11.3903568425225	0.37998	62	0.20087	171	0.0103291606700337
19	50	0.28449	141	1	7.24334052768472	0.20583	167	0.19932	172	0.00988677113845174
49	63	0.28346	142	0	13.7191450535374	0.20731	164	0.24867	120	0.00576456871116896
62	67	0.27971	143	0	8.7126636569995	0.17212	227	0.17819	203	0.0216436134105022
17	30	0.27941	144	1	5.62107729888142	0.17731	214	0.18693	190	0.0163325416169969
16	25	0.27811	145	0	22.3064731412207	0.20036	176	0.31727	81	0.00952765909063701
17	44	0.27763	146	1	5.75200399860779	0.19732	182	0.26573	101	0.00917283284509487
14	22	0.27733	147	0	23.5751420992536	0.10873	415	0.11517	380	0.216579765880831
44	79	0.27694	148	1	6.82958175879021	0.29647	95	0.22623	147	0.00313568719776105
21	28	0.27637	149	1	5.44472901070384	0.27245	106	0.1697	224	0.0307874059502885
30	48	0.27565	150	1	4.30818024228328	0.22789	141	0.23026	141	0.00447194992361241
2	11	0.27237	151	0	27.5494371993331	0.2393	132	0.23463	133	0.00328541577218319
16	30	0.27111	152	0	10.1933676966938	0.26862	113	0.21953	153	0.00428783823716425
13	41	0.26977	153	0	13.293918797706	0.27255	105	0.10452	432	0.646828134818644
25	49	0.26913	154	0	8.01017790064615	0.25107	127	0.11701	374	0.40554977852115
2	12	0.26872	155	0	31.8656237817495	0.15933	255	0.25705	114	0.061227791520493
2	32	0.26712	156	0	23.7121204872108	0.11993	358	0.08454	537	0.314117863110697
28	34	0.26701	157	0	16.7953581087156	0.11935	362	0.16927	228	0.140430834886219
58	63	0.26699	158	0	10.1547571610551	0.10227	433	0.18644	192	0.333511445283186
13	34	0.26616	159	0	8.5447936195089	0.14491	278	0.17101	218	0.0485605381569091
44	50	0.26444	160	0	9.76960858990779	0.23393	136	0.13729	304	0.153724620392322
64	69	0.26439	161	0	9.83831825059547	0.0769	568	0.2455	126	0.700543102002968
55	80	0.26363	162	1	6.90378019638517	0.11696	369	0.18879	187	0.192115505411888
78	87	0.2615	163	0	30.1316884857122	0.18556	196	0.11052	401	0.275427937130426
30	80	0.26119	164	0	12.5193879243356	0.25881	123	0.18106	199	0.0113867239921864
33	43	0.26079	165	0	8.10646982354218	0.15774	259	0.09328	483	0.342828202387847
14	34	0.26006	166	0	9.36725210507329	0.22635	143	0.22008	152	0.00531542059404828
1	35	0.25525	167	0	24.3660616842361	0.17984	207	0.16947	225	0.0245591773969384
78	83	0.25489	168	0	16.0712095997781	0.16676	237	0.15082	267	0.0500607260871098
4	11	0.25484	169	0	21.0903739890975	0.21678	151	0.25991	110	0.00394269628511484
4	45	0.25328	170	0	9.51656009280664	0.20564	168	0.15999	247	0.0353378779902165
1	9	0.24744	171	0	24.6515561374936	0.1304	330	0.27421	97	0.325876899072401
82	90	0.24698	172	0	21.509301104406	0.1078	419	0.26075	109	0.595978694897003
3	9	0.24377	173	0	20.7013109971325	0.19973	178	0.24883	119	0.00881404277443497
27	59	0.2437	174	1	5.84396919909747	0.06038	664	0.13808	302	0.540685962987825
2	13	0.24203	175	0	30.8369685604795	0.20767	163	0.21251	159	0.00852178000481939
42	77	0.24199	176	0	9.02942971621132	0.17094	230	0.10486	427	0.285819476004416
76	87	0.24157	177	0	35.2312411788174	0.18406	198	0.16419	238	0.0285956874098919
81	89	0.23754	178	0	22.0941552678531	0.15013	271	0.12763	333	0.102457027318118
53	80	0.23676	179	1	7.84801458969082	0.22899	140	0.13646	305	0.149281424883161
73	78	0.23492	180	0	8.50652802264237	0.17086	231	0.10475	429	0.287869661591179
15	67	0.23435	181	0	10.832520713112	0.20502	169	0.14271	288	0.0718076801203671
2	9	0.23405	182	0	23.1407298502014	0.26461	115	0.24891	118	0.00207922224853557
50	79	0.23403	183	1	6.20810655514224	0.09285	478	0.09839	455	0.273310796193335
4	13	0.23276	184	0	24.3243672271243	0.18228	204	0.13542	308	0.0851829191527429
13	32	0.23242	185	0	14.3546064383528	0.19643	184	0.17786	204	0.0126458145174889
41	87	0.23196	186	0	29.5908056328313	0.2046	171	0.26327	104	0.00650104225887647
16	38	0.23166	187	1	6.27908066519295	0.13488	311	0.23256	138	0.133701529452807
4	10	0.23154	188	0	19.674399228439	0.12818	336	0.19127	183	0.11787904764729
28	49	0.22997	189	1	7.79871886914767	0.20649	166	0.21491	155	0.00793910176557909
15	27	0.22913	190	0	18.2040784990617	0.16267	249	0.21451	156	0.0341991183000599
12	20	0.22775	191	0	23.9359322149775	0.21152	156	0.16935	227	0.01975196686854
36	89	0.22658	192	0	27.3013371284265	0.08032	554.5	0.11059	400	0.312131058571209
5	80	0.22577	193	1	5.49140692354883	0.09371	472	0.13495	312	0.256106695484213
5	50	0.22562	194	0	11.7555954336648	0.23024	139	0.03347	887	0.745451466826423
32	37	0.22536	195	0	9.89628743519508	0.16808	233	0.18075	201	0.0264828763598373
14	67	0.22451	196	0	12.6411278768945	0.14283	288	0.11573	379	0.169341065899917
5	78	0.22388	197	1	6.19956458148474	0.24807	129	0.00357	1161	0.757572822680131
11	34	0.22224	198	0	11.1041307629188	0.03581	869	0.36083	68	0.757297649947933
1	11	0.2216	199	0	28.1552601479723	0.15622	261	0.19062	184	0.0402976873248399
48	82	0.22041	200	1	6.84649501569964	0.26085	120	0.1547	258	0.0663320635728127
11	21	0.21984	201	0	24.6376181884532	0.14286	287	0.12061	361	0.147068521345989
56	65	0.21865	202	0	9.84447184972358	0.10979	409	0.10926	407	0.227559754813476
56	66	0.21715	203	0	9.59878299577608	0.2136	154	0.07303	595	0.686973139141018
0	10	0.21696	204	0	30.0351533540283	0.12347	347	0.12858	331	0.131433530769301
39	73	0.21652	205	0	12.5965338486426	0.19974	177	0.03938	843	0.735370486305276
50	58	0.2165	206	1	5.49807357171582	0.23034	138	0.20339	170	0.00706421368275077
48	81	0.21553	207	1	4.01072985876636	0.13733	303	0.06018	687	0.577117468682451
60	69	0.2144	208	0	13.2102521172005	0.18297	202	0.11607	377	0.223193184774992
10	29	0.21422	209	0	20.8392940859329	0.05645	691	0.10299	441	0.447805215509023
16	50	0.21391	210	0	14.3249981849912	0.17355	221	0.17253	214	0.0235919041984341
12	32	0.21345	211	0	18.3328869794149	0.19948	179	0.14117	293	0.0773804747057896
33	50	0.21308	212	0	12.8937353393033	0.04204	805	0.10018	451	0.545448054222727
19	24	0.21205	213	0	15.9378155968753	0.07916	561	0.09049	502	0.323942497120735
53	72	0.21116	214	0	9.86658537691739	0.05014	747	0.12607	340	0.583588016391337
9	23	0.21106	215	0	32.1251040153958	0.11108	401	0.11722	372	0.201079580763973
20	34	0.21078	216	0	14.5291034134939	0.17525	219	0.15804	249	0.0390361706989826
54	71	0.21072	217	0	11.951820196104	0.18242	203	0.07416	593	0.616028812299998
50	80	0.21044	218	1	7.47231704359498	0.31267	85	0.13039	325	0.428108545829398
35	58	0.21038	219	0	24.9805175686974	-0.07388	2125	0.21604	154	0.764773629926435
2	60	0.20992	220	0	20.7857063627869	0.20428	172	0.15365	261	0.0455823906541788
74	90	0.20967	221	0	39.8423378581127	0.13141	326	0.05094	752	0.618737293615277
10	34	0.20847	222	0	13.1924154725357	0.10324	430	0.0986	454	0.253926381741406
13	29	0.20844	223	0	21.6008809542574	0.11152	397	0.07627	575.5	0.348299440500282
42	78	0.20839	224	0	9.27316024880407	0.17954	210	0.12889	329	0.113413255423015
8	13	0.20803	225	0	12.8131733774268	0.29056	96	0.23915	130	0.00235824112912308
18	24	0.20734	226	0	19.0862258710307	0.27419	102	0.12047	362	0.485994423676442
21	29	0.20561	227	1	5.56371440676101	0.18302	201	0.13954	299	0.0755366707927994
11	18	0.20239	228	0	15.5797200552513	0.15451	263	0.15084	266	0.0562996967782661
13	21	0.2022	229	0	23.1165585241402	0.15006	272	0.12989	327	0.098051950183237
31	42	0.20177	230	0	16.4677214270827	0.08318	529	0.23643	132	0.674623296280005
19	39	0.20114	231	0	10.7963924067255	0.21852	148	0.07847	560	0.677071790195604
2	10	0.20104	232	0	25.8389081425667	0.11052	403	0.12023	364	0.194379536098212
7	26	0.20097	233	0	24.7904430375901	0.11272	387	0.20448	168	0.266906472306429
53	73	0.20082	234	1	7.72393753211404	0.10982	408	0.23311	137	0.449161715004934
19	63	0.19998	235	1	6.44526725590181	0.13382	314	0.11723	371	0.160429569004672
21	31	0.19749	236	0	8.1598018358291	0.13604	307	0.18552	193	0.0736766965173503
1	8	0.19627	237	0	20.3031975806768	0.14652	276	0.12427	351	0.129158884909032
0	46	0.19598	238	0	17.45910229651	0.13551	310	0.0849	533	0.357229697492137
26	49	0.19542	239	0	10.1516757729943	0.17213	225	0.09046	504	0.431002834908653
2	8	0.19499	240	0	19.1911742736082	0.1773	215	0.18146	197	0.0179607701293088
21	64	0.19482	241	0	11.8429188969612	0.12101	353	0.15104	265	0.115620374937141
33	45	0.19409	242	1	6.51064428455433	0.14121	295	0.15047	268.5	0.0699487955975378
7	14	0.19398	243	0	14.6993724015687	0.14221	291	0.23409	135	0.0894495519894515
78	90	0.19359	244	0	32.681314998023	0.17976	208	0.15761	251	0.0378046221549527
62	71	0.19261	245	0	13.8130967201421	0.19424	188	0.17246	215	0.0171315019375805
47	68	0.19248	246	0	21.0130387616832	0.22517	144	0.0089	1108	0.756190683702672
12	23	0.19178	247	0	33.8352193579412	0.08988	491	0.14594	277	0.306148079713526
70	88	0.19149	248	0	29.4957838512558	0.13595	308	0.12561	344	0.120149793848069
11	26	0.19116	249	0	29.7679690439237	0.05053	744	0.06701	635	0.454526114148054
66	72	0.19	250	0	11.2084722866232	0.07712	567	0.16297	241	0.491897590037313
19	29	0.18713	251	1	6.95617430776429	0.10798	418	0.17044	221	0.249572391479227
10	19	0.18681	252	0	15.7746546396427	0.10953	410	0.13841	301	0.187565604010486
4	50	0.18567	253	0	11.2155853168705	0.14295	286	0.11079	398	0.189848154802258
18	27	0.18531	254	0	14.3235799296126	0.19872	180	0.14033	297	0.0812024246043509
19	32	0.1852	255	0	9.37609870895139	0.1648	243	0.02033	1006	0.736349347739562
53	71	0.18506	256	0	10.5642774007501	0.12414	345	0.16604	234	0.104654307180855
66	71	0.18391	257	0	9.77216009897505	0.20156	173	0.09746	459	0.483599308308359
22	28	0.18318	258	0	8.35621331704738	0.22334	145	0.13349	318	0.176042914333567
3	50	0.18282	259	0	10.3276688560391	0.0827	534	0.13755	303	0.344660563811127
1	74	0.18242	260	0	31.0018352682547	0.06106	658	0.10677	417	0.414759359756828
13	23	0.18177	261	0	29.5695140981383	0.24952	128	0.14109	295	0.142650982203107
20	28	0.18043	262	1	6.93141212163871	0.21438	153	0.04152	827	0.739243004893025
52	90	0.18004	263	0	30.9431151308332	0.11136	399	0.11264	388	0.209946120063893
35	85	0.17936	264	0	23.3556974419519	0.0945	466	0.04389	812	0.551040052464549
38	74	0.17926	265	0	12.7140867544625	0.11745	367	0.12481	348	0.16485064824096
1	50	0.17924	266	0	15.4360398094848	0.18711	194	0.08461	536	0.567902934481145
66	73	0.17923	267	0	11.4544500959234	0.17549	218	0.20486	167	0.0155431302386947
35	48	0.17835	268	0	16.0383691190844	0.26948	111	0.09823	456	0.662347174610151
70	80	0.17682	269	0	12.7392440121068	0.0529	719	0.12188	359	0.521668736099687
1	12	0.17671	270	0	32.0551178597116	0.16602	240	0.16145	245	0.0416017049091709
25	31	0.17658	271	0	13.1350964975519	0.12476	343	0.07038	613	0.423722166096953
3	12	0.17462	272	0	29.1028818504285	0.17248	224	0.16702	232	0.031886479988302
44	78	0.17451	273	0	11.582482678597	0.08918	496	0.09614	470	0.289933542963533
70	90	0.17426	274	0	30.9739608865253	0.11532	375	0.10751	412	0.212165352678918
3	60	0.17326	275	0	16.0362032289442	0.19535	185	0.11197	391	0.277532048076758
14	24	0.17297	276	0	29.466256514868	0.11476	378	0.14438	281	0.151494317398
15	20	0.17214	277	0	15.2113894500141	0.10892	414	0.07547	582	0.351898927512169
24	31	0.17166	278	0	15.5513365663534	0.06096	659	0.17597	208	0.667055145536921
1	59	0.17066	279	0	16.8616185166193	0.06564	627	0.05341	738	0.45319409638371
19	33	0.17057	280	0	11.0053941774023	0.14099	296	0.23115	140	0.0916014775777724
68	73	0.1695	281	0	9.69625850521736	0.12421	344	0.15798	250	0.100242606310989
8	42	0.1685	282	1	4.43323482346695	0.03578	871	0.20985	163	0.740508799800834
17	53	0.1682	283	0	12.2004282301893	0.07827	563	0.05453	728	0.442310450765367
55	87	0.16813	284	0	30.8868965906256	0.20782	162	0.16411	239	0.027536869592108
65	82	0.16748	285	0	18.7279677754956	0.13199	322	0.12572	341	0.126926879652822
1	6	0.16729	286	0	14.0850294994366	0.13154	324	0.13318	319	0.111229596331745
56	72	0.16648	287	0	11.6149856650794	0.19482	186	0.06694	636	0.675115905988611
47	73	0.16588	288	0	20.6832230322066	0.05242	726	0.11092	395	0.495379489968558
28	70	0.16577	289	0	9.79337679250625	0.2213	147	0.0174	1040	0.753093798696931
29	46	0.16563	290	0	8.42541120658215	0.18385	200	0.20811	164	0.0119456299466476
53	64	0.16549	291	0	12.8727846249364	0.13875	302	0.13449	315	0.0937433317341823
22	42	0.16505	292	0	21.380699661143	0.05883	681	0.07292	597	0.413240233362651
0	11	0.16412	293	0	31.3858806631262	0.0746	578	0.19226	182	0.635473071298221
57	89	0.16327	294	0	32.1530244145088	0.16042	253	0.09472	478	0.339131397357559
6	18	0.16316	295	0	14.7616194572276	0.11289	386	0.16085	246	0.171566709538617
1	45	0.16306	296	0	12.0142317690313	0.06346	641	0.12525	346	0.451855850809276
49	55	0.1621	297	0	15.104745810506	0.01034	1116	0.0428	818	0.600443523032591
77	83	0.16172	298	0	17.7605584934709	0.20495	170	0.22438	149	0.00822999676036339
12	24	0.16075	299	0	35.8318584223593	0.18397	199	0.01681	1045	0.745148072060617
4	42	0.16008	300	0	10.2220300332175	0.13569	309	0.11017	404	0.198855686451675
9	41	0.15893	301	1	7.51421566099882	0.14923	273	0.11251	390	0.178358452131387
70	89	0.15885	302	0	32.1146220279797	0.03614	864	0.3243	79	0.755912362567615
9	32	0.15791	303	0	19.2208443623062	0.11189	392	0.05773	702	0.48718376430082
0	9	0.15759	304	0	28.3247073947817	0.10094	439	0.18438	195	0.353684804362602
6	14	0.15698	305	0	14.638100764785	0.10542	427	0.14422	282	0.225378287015074
13	20	0.15685	306	0	19.5369034905739	0.16503	242	0.10475	430	0.26475423115374
62	72	0.15579	307	0	15.0557274483832	0.16353	245	0.08477	535	0.443693790654045
71	88	0.15525	308	0	33.5700460083093	0.21828	149	0.11681	375	0.316102404956434
8	76	0.15492	309	1	6.32778744902197	0.06752	609	-0.02422	1458	0.705083138186437
31	37	0.15374	310	0	13.1435847849816	0.11157	394	0.07619	578	0.355462464500357
17	63	0.1532	311	0	13.5477321349368	0.1361	306	0.09699	465	0.271185393091078
2	64	0.15256	312	0	28.5011802913493	0.09891	444	0.04934	763	0.522707848500979
3	46	0.15248	313	0	17.1964967071785	0.08291	533	0.09978	452	0.302118025354248
55	89	0.15218	314	0	34.0381178827502	0.13653	305	0.13636	306	0.0873154460724437
14	19	0.15207	315	0	13.6003067980101	0.09748	450	0.06399	659	0.408646606673347
72	78	0.15184	316	0	13.3612150270849	-0.00219	1240	0.12173	360	0.731718316624209
41	90	0.15104	317	0	27.835465668819	0.11154	396	0.12203	358	0.180670234100514
42	73	0.1505	318	0	12.7184089413731	-0.01225	1353	0.16528	236	0.753378580921104
7	41	0.14946	319	0	9.7134997812323	0.1515	269	0.11659	376	0.167100886348494
4	44	0.14904	320	0	9.4499829629476	0.15189	268	0.1061	422	0.231950274950797
24	71	0.14877	321	0	25.6256408700348	-0.00168	1231	0.10671	418	0.719028605923134
71	78	0.14843	322	0	14.6590555289214	0.15913	257	0.06921	619	0.554694508254733
31	61	0.14747	323	0	16.3954622380706	0.15273	266	0.10454	431	0.247375157851842
55	75	0.14745	324	0	15.6132119053064	0.13279	316	0.09303	485	0.291985432792452
18	26	0.1466	325	0	18.4101356866265	0.16698	236	0.05255	745	0.687429749313892
67	74	0.14586	326	0	14.3565804424313	0.1871	195	0.16903	229	0.0226151837527943
3	8	0.14569	327	0	16.138358807512	0.14282	289	0.16772	231	0.0579388167688787
83	90	0.1452	328	0	17.9368271441746	0.05267	722	0.13907	300	0.597477495631288
84	90	0.14488	329	0	13.7804804342955	0.14419	283	0.20789	165	0.062888170060127
18	63	0.1445	330	0	10.830851028428	0.04762	763	0.16262	242	0.684670247540344
15	34	0.14419	331	0	8.91466090213195	0.13897	300	0.1146	383	0.173812005401552
23	29	0.14401	332	0	10.2460963298224	0.06573	624	0.26348	103	0.733057974661831
48	85	0.14278	333	0	10.9152518523395	0.17127	229	0.03698	863	0.71976491077301
11	22	0.14239	334	0	26.9303385236799	0.11051	404	-0.02794	1520	0.741137102361273
12	74	0.14217	335	0	13.5106006898287	-0.01805	1432	0.19662	176	0.759751943374339
8	14	0.14203	336	0	8.99350354422569	0.08638	510	0.19898	173	0.572976184296124
6	13	0.14193	337	0	18.0796806387724	0.16699	235	0.15047	268.5	0.0515482241907067
49	61	0.14188	338	0	12.7580391910356	0.14482	280	0.05672	713	0.624697257796999
56	70	0.14183	339	0	11.0748759812469	-0.04034	1691	0.07986	555	0.739877441555537
11	16	0.14142	340	0	8.20572799939164	0.1162	373	0.04143	829	0.62728750933721
75	90	0.14139	341	0	39.2155090493544	0.06587	623	0.08719	524	0.366021722975778
5	14	0.14054	342	0	19.3173512935909	0.15649	260	0.12721	335	0.106854972376894
15	35	0.13995	343	0	13.2838567818236	0.04913	755	0.03103	910	0.528848527132128
28	53	0.13991	344	0	9.26861532268979	0.24031	131	0.15642	253	0.0530294821452019
71	86	0.13971	345	0	30.257836935247	0.11667	372	0.00445	1147	0.720497382604572
5	20	0.13924	346	0	21.5678817457812	0.06815	607	0.03444	879	0.539721968911952
19	25	0.13849	347	0	12.5988842759984	0.04473	781	0.11096	394	0.561834735029393
8	36	0.13802	348	0	11.9010697838472	0.11916	363	0.04422	809	0.620744514940983
0	7	0.13794	349	0	22.1698434365243	0.09041	489	0.10511	426	0.269051255216457
42	74	0.13785	350	0	16.2792869929859	0.07757	566	0.15335	262	0.457171212820458
19	28	0.13735	351	1	4.6654870056619	0.14172	293	0.17098	219	0.0595872483247794
51	58	0.13735	352	1	7.11023923648143	0.02562	969	0.11161	393	0.669106761167283
70	78	0.13709	353	0	10.335007160133	0.05565	700	0.14713	273	0.616709395810223
48	89	0.13691	354	0	19.3842266030915	0.03221	903	0.1174	370	0.654204391220243
4	12	0.13689	355	0	25.3294476449843	0.08473	517	0.15628	254	0.371217970564501
53	59	0.13676	356	0	10.5872002436905	-0.01197	1350.5	0.15394	260	0.749917228067815
21	50	0.13645	357	0	9.66946042962067	0.11078	402	0.1242	353	0.185277417430762
3	13	0.13644	358	0	27.6833430242809	0.083	531	0.06496	651	0.391255741192077
50	90	0.1364	359	0	25.0954173705081	0.16637	239	0.14337	286	0.0645489206778271
13	24	0.13635	360	0	31.7879811721349	0.1396	299	0.02997	914	0.699702770163564
5	56	0.13633	361	0	13.4412369222479	0.1234	349	0.09612	471	0.262597179467924
70	75	0.13604	362	0	12.0182236208185	0.16917	232	0.1698	223	0.0296923557229315
65	87	0.136	363	0	32.1268574560289	0.17976	209	0.00982	1101	0.746056094537362
54	69	0.13505	364	1	6.64968337592099	0.16062	252	0.15708	252	0.0470452785482416
17	67	0.135	365	0	10.8487007056145	0.08794	504	0.05338	740	0.472561103592689
10	41	0.13427	366	0	11.1762933479754	0.13392	313	0.10024	450	0.245171399219072
79	85	0.13346	367	0	17.6705212430194	-0.0101	1324	0.09099	497	0.715666880383738
27	50	0.13301	368	1	6.99618710441623	0.13208	320	0.09543	475	0.283766575718734
40	55	0.13286	369	0	21.7028076985444	0.1135	381	0.15478	257	0.158209503660482
2	50	0.13277	370	0	15.096810358483	0.12346	348	0.08276	547	0.331617935486066
7	18	0.1322	371	0	18.7904170789262	0.16588	241	0.04526	802	0.697581280600792
19	67	0.13216	372	1	6.20560980081732	0.08803	503	0.1788	202	0.475048646464414
6	62	0.13193	373	0	21.2424727374192	0.11299	385	-0.06968	2061	0.758394609721413
39	45	0.13108	374	0	9.10124502472052	0.08623	511	0.08976	509	0.308146767143787
17	22	0.13095	375	0	15.1967763028874	0.01354	1084	0.18961	185	0.748149859191799
27	40	0.13	376	0	21.9934705083122	0.18064	205	0.12722	334	0.122416394160819
6	52	0.12974	377	0	10.5015226515015	0.06434	634	0.102	446	0.37972119215252
19	26	0.1297	378	0	13.4309823914709	-0.06772	2051	0.19642	177	0.763472599118506
0	13	0.12958	379	0	33.1657813566935	0.0687	605	0.11705	373	0.372936138521825
1	7	0.12944	380	0	18.4651098832365	0.125	342	0.17298	213	0.109050363279875
47	72	0.12853	381	0	23.4412764797483	0.0812	548	0.15119	264	0.416271034987203
2	68	0.1285	382	0	27.2168754635796	0.08522	513	0.0799	554	0.320043072879981
62	90	0.1285	383	0	31.8080349597393	0.09849	446	0.115	381	0.234157681228006
18	29	0.1284	384	0	9.64973973742297	0.07186	595	0.19748	175	0.661283325809013
24	29	0.1279	385	0	11.2518711777197	0.00905	1129	0.06469	654	0.638530472185359
45	87	0.12767	386	0	17.5408573906751	0.09088	485	0.187	189	0.477515483229877
0	8	0.12758	387	0	23.4857247067234	0.12399	346	0.09682	466	0.258271879133821
60	68	0.12751	388	0	15.1135179557904	0.04103	819	-0.04051	1686	0.706700375459924
28	59	0.12725	389	0	8.7847806460947	0.05749	685	0.17717	205	0.682803689994558
2	62	0.12704	390	0	26.1185574257079	0.08382	525	0.07815	563	0.335393459381446
36	43	0.12693	391	0	11.0550052464936	0.14431	282	0.04597	797	0.67755713456091
66	89	0.12658	392	0	30.3943201437374	0.04353	792	0.13201	323	0.630476653140708
1	13	0.12643	393	0	30.5440672471758	0.1883	191	0.03531	874	0.735697579286619
5	32	0.12592	394	0	20.5742773627654	0.03426	883	0.14371	284	0.694124498592432
2	34	0.12584	395	0	25.6447038196974	0.08645	509	0.03205	900	0.585176505870074
1	15	0.12583	396	0	23.1234634300314	0.05958	672	0.10932	406	0.440920109171739
9	49	0.12508	397	0	22.0142107739524	0.07247	592	0.162	243	0.520624982719502
74	88	0.12499	398	0	39.0281575532333	0.14799	275	0.08562	530	0.383060356304714
5	59	0.12487	399	0	15.5425443862966	0.05667	687	0.1012	449	0.43671212435816
0	37	0.12478	400	0	26.0009047919491	0.16308	247	0.02811	938	0.723746900808406
8	18	0.12462	401	0	13.6051816966919	0.0715	597	0.00338	1165	0.672638176549701
7	25	0.12401	402	0	24.7613136363966	-0.01787	1431	0.19236	181	0.759481698091315
68	90	0.12384	403	0	35.5713537274026	0.09197	481	0.04265	819	0.543554842919382
10	22	0.12326	404	0	25.5501069469386	0.09989	440	0.04454	808	0.560070561682044
0	5	0.12322	405	0	16.5877282953393	0.09336	475	0.09711	464	0.281700086497342
13	26	0.12293	406	0	29.6259387868132	0.06948	604	0.05024	757	0.468792431644498
9	56	0.12252	407	0	19.3295800523446	0.09353	473	0.04958	762	0.504443242636436
46	89	0.12246	408	0	16.8259051168132	0.09978	442	0.09734	461	0.260441849012724
37	71	0.12198	409	0	14.9731704725486	0.0815	544	0.15601	255	0.42519089517215
56	89	0.12167	410	0	35.1919395032442	0.06699	614	0.13302	320	0.439524530562861
11	69	0.12164	411	0	17.4721870411234	-0.09695	2425	0.09644	469	0.758667302035369
35	47	0.12162	412	0	15.8853602414298	0.16329	246	0.1108	397	0.214377840748998
27	32	0.1214	413	0	16.556903363854	0.13046	329	0.11808	369	0.162639921823289
28	67	0.12099	414	0	8.17131837588036	0.10556	426	0.03397	883	0.622071153500645
77	89	0.12094	415	0	32.5247544341229	0.15852	258	0.18534	194	0.036578663909606
22	67	0.12043	416	0	15.5321418033702	0.08067	550	0.03796	853	0.53875381072325
26	31	0.11932	417	0	16.1559698254237	0.05133	737	0.03979	839	0.496529521454571
43	74	0.11932	418	0	20.7533928069605	0.14434	281	0.07506	585	0.471310129536832
79	86	0.11891	419	0	20.8456883071776	0.1323	319	0.01894	1022	0.717916874743265
30	43	0.11887	420	0	10.4318823804719	0.0657	625	0.07063	609	0.392869307392528
25	51	0.11859	421	0	12.4570123223829	0.08207	536	-0.03328	1592	0.735042582861715
38	72	0.11836	422	0	15.8299630763941	0.16302	248	0.03897	845	0.702623756736718
46	90	0.11817	423	0	15.0735489517233	0.17592	217	0.12549	345	0.135956597897374
17	28	0.11813	424	0	10.8445608025406	0.10755	420	0.1054	424	0.236357483632562
13	31	0.1181	425	0	16.9944642163264	0.13145	325	0.00425	1153	0.731381299230821
9	57	0.11768	426	0	22.9268115969055	0.01591	1060	0.068	625	0.623388635877873
12	76	0.11758	427	0	14.5561885464568	0.06695	615	0.18128	198	0.645081989283504
2	25	0.11758	428	0	19.4073757628382	0.0847	518	0.0298	917	0.592182941481896
63	69	0.11747	429	0	11.1835903447864	0.14484	279	-0.00906	1269	0.74392722701666
6	41	0.11741	430	0	9.50580333270156	0.00362	1181	0.14883	272	0.741450114045902
8	50	0.11725	431	0	12.3562811962176	0.04832	759	0.07039	612	0.46368855699668
3	10	0.11721	432	0	22.4126419906266	0.04941	751	0.12699	337	0.591415561564817
60	70	0.11682	433	0	16.5164340582342	0.11897	364	0.08984	508	0.29402738623371
11	23	0.11676	434	0	31.4914565874619	0.01969	1032	0.13393	316	0.710275230570501
15	71	0.11565	435	0	8.9829177887811	0.01612	1058	-0.0067	1250	0.614661051199004
27	73	0.11548	436	0	18.5240658064044	-0.09301	2358	0.04043	836	0.743312408449154
15	32	0.11543	437	0	12.1184679312197	0.08756	506	-0.01054	1287	0.70909329892056
56	87	0.1153	438	0	31.8216169293768	0.0359	867	0.1251	347	0.653089206510769
57	85	0.11526	439	0	20.6590605062283	-0.00342	1255	0.10422	434	0.720131625860736
3	26	0.11509	440	0	16.2639427569086	0.01674	1050	0.06489	653	0.608385793105339
3	31	0.11484	441	0	19.4706019680954	0.11389	380	0.05488	726	0.52985762878715
1	25	0.11434	442	0	17.6462768311052	0.06266	648	0.04125	830	0.493063551045472
4	15	0.11426	443	0	16.4330817560189	0.06724	611	0.06502	650	0.399264640527414
3	44	0.1141	444	0	13.3434800558175	0.13888	301	0.03693	865	0.691480805621411
6	20	0.11389	445	0	17.6350487949424	0.00367	1179	0.17175	216	0.747852866251283
63	73	0.11369	446	0	16.3675006644264	0.13126	327	0.22243	150	0.155976594825025
15	63	0.11352	447	0	15.6553263140696	0.20055	174	0.02434	972	0.744843953349029
34	86	0.11272	448	0	22.876276510831	0.08394	524	-0.0149	1335	0.712610666921099
21	61	0.11251	449	0	11.0434098900657	-0.02055	1459	0.14174	291	0.751659964877104
23	63	0.11216	450	0	14.1369644902999	0.08149	545	-0.01614	1354	0.711057875649343
19	44	0.11182	451	0	10.8607783330662	0.0654	629	0.0384	850	0.511039689279071
76	84	0.11151	452	0	23.9621218384349	0.07633	570	-0.05113	1820	0.74423353340062
72	90	0.11142	453	0	38.3013030718277	0.15926	256	0.10523	425	0.242969109161705
15	24	0.11101	454	0	25.9316080874287	0.06236	651	0.10639	420	0.407101872747477
68	87	0.11074	455	0	35.2869602686318	0.06218	652	0.156	256	0.589097274111314
0	50	0.11034	456	0	16.0205805762463	0.11522	376	0.11036	403	0.207738352345753
54	76	0.10967	457	0	8.63814731293696	0.04957	750	0.03149	907	0.525797877083121
50	66	0.10959	458	1	6.34145480154199	0.18767	193	0.03702	862	0.732389820903764
9	24	0.10914	459	0	32.9522779030525	0.08215	535	-0.04454	1743	0.742073873383485
5	76	0.10903	460	0	12.1155553318864	0.13234	318	-0.02869	1534	0.749330867676728
16	76	0.10896	461	0	13.5483933364809	0.02541	971	-0.02734	1511	0.67012340243819
4	24	0.10816	462	0	22.7382483494222	0.0912	484	0.17707	207	0.420762026645076
14	32	0.10797	463	0	14.1177698663776	0.11115	400	0.12388	354	0.182979528199358
61	67	0.10778	464	0	9.62385702304435	0.2109	158	-0.03762	1651	0.762421366225699
20	67	0.10754	465	0	10.2318447017143	0.02119	1014	0.10215	445	0.661816047097083
54	67	0.10737	466	0	13.3097968804937	0.08173	539	0.03753	857	0.549191042962361
66	86	0.10732	467	0	23.243186205854	0.21462	152	-0.05498	1874	0.763733955362573
12	21	0.10701	468	0	27.2599672963854	0.11265	388	0.06578	646	0.422245545406992
24	32	0.10688	469	0	19.8375375740035	0.02783	946	0.1354	309	0.697153391341867
30	41	0.10654	470	0	14.3888264288649	0.09671	454	-0.02826	1529	0.738285530072382
10	74	0.10638	471	1	6.7092790968926	0.00998	1122	0.05071	755	0.611199369810627
2	46	0.10628	472	0	19.1042590015944	0.06293	645	0.08364	540	0.386363588023607
11	73	0.10618	473	0	11.7948238223383	-0.00471	1268	0.05704	707	0.678041026360879
45	86	0.10609	474	0	12.5780904751079	0.0604	663	0.14366	285	0.56704592213845
58	70	0.10604	475	0	9.48298059683769	0.1016	437	0.06922	618	0.364272295043693
48	64	0.106	476	0	19.0269057389792	0.06687	616	0.04594	798	0.482393195008487
5	46	0.10589	477	0	17.8827911412061	0.12551	340	0.00967	1103	0.724103306411701
14	21	0.10584	478	0	20.7727325597765	0.10908	412	0.05003	758	0.546389037670317
10	15	0.10567	479	1	5.84711287730962	0.08399	523	0.24044	129	0.676096754995317
15	58	0.10559	480	0	14.9451913671254	0.08198	537	0.09734	462	0.304137502478496
74	83	0.10475	481	0	26.8578619029885	0.11482	377	0.05202	748	0.571297737290471
30	58	0.10468	482	0	12.5346722733385	0.03969	831	0.0185	1027	0.578752880348815
3	38	0.1045	483	0	20.0341559592612	0.01545	1064	0.02932	924	0.581183071014654
36	87	0.10424	484	0	30.2301342537542	0.05054	743	0.16537	235	0.681389415410867
74	89	0.10402	485	0	40.863755028142	0.07338	583	0.11428	385	0.358988781227191
75	87	0.10358	486	0	39.3000826589462	-0.09648	2415	0.24581	125	0.764773629926435
73	79	0.10343	487	0	9.86635763592624	0.02761	948	0.16945	226	0.730024726606045
45	56	0.10336	488	0	21.2216472970408	0.095	464	-0.00403	1227	0.704676044204096
16	44	0.10331	489	0	8.8490022601421	0.05568	699	0.06748	630	0.426653092451482
16	57	0.10327	490	0	22.6785825394798	0.0446	782	0.09554	474	0.502206104769657
79	89	0.1028	491	0	26.9915971183626	0.10842	416	0.10386	436	0.240754919940781
52	89	0.10227	492	0	30.0670042571587	0.04	826	0.09046	503	0.533851705107376
41	88	0.10218	493	0	28.4256795345336	0.12217	351	0.01239	1083	0.719397241187026
32	39	0.10188	494	0	9.34222532376521	-0.00303	1249	0.16984	222	0.750791643187972
4	46	0.10159	495	0	14.3264637995564	0.11151	398	-0.03784	1653	0.746657856851389
8	46	0.10157	496	0	15.1703251777937	0.09439	468	-0.0023	1213	0.703448043796141
44	88	0.1015	497	0	21.5513792830065	-0.04931	1807	0.11484	382	0.753946179103869
73	87	0.1007	498	0	34.9707225547314	0.10667	424	0.12016	365	0.218772875130807
52	58	0.10053	499	1	6.3264686832387	0.03579	870	0.18239	196	0.729683441355112
26	88	0.10037	500	0	22.344626400994	0.06128	656	0.14689	274	0.569606896179256
47	85	0.10026	501	0	9.81543870644609	0.05936	674	0.05463	727	0.450512243951992
54	77	0.10009	502	1	6.04044129182629	0.05909	677	0.00789	1117	0.637313576147423
75	82	0.0998	503	0	24.8964028325379	-0.00839	1306	0.16617	233	0.751371197422679
1	62	0.09973	504	0	26.414317935544	0.06002	667	0.05134	751	0.464973523191271
0	59	0.09967	505	0	15.5614115683636	0.03584	868	0.0251	964	0.555598977580213
1	14	0.09959	506	0	27.7591683953248	0.10811	417	0.12884	330	0.203301448511619
14	71	0.09935	507	0	9.23703388539849	0.04203	806	0.01949	1015	0.577936557947883
64	89	0.0989	508	0	35.4251711216756	0.13317	315	0.13575	307	0.0958956326278123
19	57	0.09803	509	0	15.5442218525084	0.05366	717	0.06461	655	0.433872095703128
29	63	0.09777	510	0	10.3888885353535	0.17454	220	0.01449	1067	0.74362018613538
5	44	0.09765	511	0	10.9114022930144	0.11259	389	0.19399	179	0.251754155748074
10	20	0.09724	512	0	20.7399434425458	0.13103	328	0.04851	775	0.634855498497947
8	45	0.09724	513	0	13.0272877069634	0.09538	461	0.01905	1020	0.673633665005831
44	89	0.09708	514	0	22.5381699345799	0.07292	586	0.12822	332	0.389633580024504
9	72	0.09668	515	0	15.7732042718022	-0.01114	1336	0.1495	271	0.747555172046989
16	56	0.09656	516	0	20.3655717572574	0.03778	848	0.06238	673	0.498814252159288
63	72	0.09609	517	0	14.9687753006049	0.03142	909	0.10626	421	0.629842949400463
2	57	0.09555	518	0	16.224582336689	0.05604	698	0.04152	826	0.489550065894509
78	86	0.09533	519	0	25.9556020350136	-0.06518	2022	0.20543	166	0.763472599118506
76	89	0.09514	520	0	35.8033047776319	0.12033	356	0.12974	328	0.144859814290483
9	21	0.09501	521	0	25.3274962442007	0.0329	895	0.0631	670	0.526819016842686
12	22	0.09482	522	0	29.6877588578188	0.08919	495	-0.12256	2711	0.762157096332736
16	66	0.09466	523	0	14.7194515522828	0.01023	1118	0.09776	457	0.689693186718581
55	69	0.09451	524	0	9.51069503243586	0.0764	569	0.06937	617	0.367762740147443
31	60	0.09446	525	0	19.014847383032	-0.00215	1239	0.06867	620	0.684205629656445
48	59	0.0942	526	0	12.9712630456714	0.12501	341	-0.01498	1337	0.741762370211877
33	68	0.09405	527	0	19.9894230532049	-0.10361	2504	0.06557	648	0.75507357344418
38	77	0.09389	528	0	8.84910244036083	0.06614	619	0.15302	263	0.536805192220668
11	49	0.09386	529	0	23.6842545586725	0.1103	406	0.02231	986	0.682333656580687
8	35	0.09378	530	0	14.8131092617316	0.05976	670	0.0286	933	0.557397868397047
55	74	0.09319	531.5	0	16.6150509478605	0.0611	657	-0.04671	1774	0.73732100326604
54	70	0.09319	531.5	0	8.63496218868386	0.18893	190	0.01625	1052	0.746357332591618
68	75	0.09291	533	0	16.0300419837254	0.15045	270	0.02938	923	0.713380840748577
50	56	0.09272	534	0	10.5530955648094	0.01957	1034	0.08737	523	0.639739367998899
62	88	0.09264	535	0	28.8717374607071	0.05438	708	0.06353	665	0.432440974173195
38	54	0.09254	536	0	14.7258132882364	-0.0164	1411	0.14458	279	0.751081757647676
67	90	0.09243	537	0	30.6015849916307	0.05656	688	0.08034	553	0.417774983107413
43	88	0.09218	538	0	22.5656117798743	0.00963	1126	0.10664	419	0.699280848096868
57	62	0.09202	539	0	13.438739300991	0.06628	618	-0.01379	1324	0.695429798341919
10	36	0.0919	540	0	13.3731159420683	0.01026	1117	0.00326	1167	0.604813439960562
18	49	0.09182	541	0	14.0818730643335	0.06336	642	0.05646	716	0.435295580443206
19	37	0.09148	542	0	13.5619835569875	0.17615	216	-0.04338	1724	0.760021582046184
59	82	0.09124	543	0	9.91642259083385	0.00409	1173	0.06719	634	0.667570300208597
8	41	0.09123	544	1	7.53531956853855	-0.01582	1404	0.12328	355	0.743003891031695
51	90	0.09099	545	0	26.9258196904013	0.10108	438	-0.01666	1357	0.72865439555025
4	20	0.09077	546	0	19.6769522284321	0.11475	379	0.05776	701	0.494224087785228
80	85	0.09055	547	0	16.2951546786154	0.13206	321	0.0531	742	0.615346078251468
75	89	0.09022	548	0	39.6296608489147	0.0234	992	0.04911	767	0.556500269221325
26	76	0.09005	549	0	26.2797496753679	0.01654	1052	0.063	671	0.606249945968829
40	89	0.08992	550	0	23.9046417459037	0.09199	480	0.07777	566	0.321998777045844
1	26	0.08943	551	0	20.0889882522739	-0.00441	1264	0.03678	867	0.645665884882574
36	86	0.08914	552.5	0	25.2190867994858	0.08316	530	-0.02003	1407	0.718288427468324
64	90	0.08914	552.5	0	33.2910800365503	0.12248	350	0.06737	631	0.438121619491782
77	86	0.08883	554	0	26.6646146981351	0.04781	761	0.17065	220	0.695862507222564
9	74	0.08881	555	0	11.2391610896899	0.106	425	0.02958	918	0.636702095358686
18	71	0.08854	556	0	12.6973884716504	0.18799	192	-0.04546	1756	0.761892237865401
3	59	0.08845	557	0	11.0235390868813	0.06732	610	0.07164	604	0.374646079735629
8	34	0.0881	558	0	11.9860820120672	0.07413	580	0.02624	954	0.592947515956084
54	60	0.08796	559	0	16.491071705623	0.1124	390	0.06327	669	0.455851627596862
7	44	0.08767	560	0	10.3006785213402	0.08129	546	0.06598	643	0.378037950098982
16	53	0.08656	561	0	14.788092710015	0.0803	556	-0.01221	1302	0.701378801052591
8	60	0.08654	562	0	22.5550244734959	0.11155	395	0.0102	1097	0.708697188945522
85	90	0.0864	563	0	14.7485068057753	0.10703	423	0.02817	937	0.654759302867367
77	90	0.08627	564	0	32.2106521821586	0.09914	443	0.16523	237	0.279622729302299
9	34	0.08602	565	0	14.5547337316764	0.03813	844	-0.05263	1839	0.72761750103147
66	82	0.08594	566	0	14.5655655571626	0.17191	228	0.0385	847	0.714146921460339
34	47	0.08591	567	0	14.2332739030765	-0.01456	1388	0.09406	481	0.726222607230466
6	30	0.08555	568	0	9.91123468595109	0.0303	918	0.14262	289	0.698433454400908
22	35	0.08539	569	0	22.6195871978248	0.00369	1178	0.11393	387	0.716796336319108
5	60	0.08528	570	0	19.9867793803804	0.04512	778	0.08688	525	0.484799730885139
53	77	0.08512	571	1	6.540656389079	0.1415	294	0.06594	644	0.527835651520523
2	30	0.08506	572	0	17.3179706374621	0.04194	809	0.17439	211	0.712996270555505
4	51	0.08497	573	0	9.30112482445	0.03497	879	0.09129	495	0.573810499174939
59	86	0.08494	574	0	20.1393655808717	0.00555	1161	-0.03751	1648	0.670629413897893
48	57	0.0848	575	0	15.4432988056309	0.0748	576	0.0612	681	0.410183952268507
4	30	0.08471	576	0	12.1713051888448	0.08009	557	0.06238	674	0.402421757887224
24	63	0.08471	577	0	14.3921696071162	0.00468	1169	-0.03262	1581	0.663404513368001
43	48	0.08456	578	0	9.03359845244407	0.07311	585	0.0405	833	0.508859785384953
41	74	0.08455	579	0	17.6492068093725	0.0519	730	0.13967	298	0.606964380642282
37	90	0.08432	580	0	25.8420900277048	0.04266	801	0.00257	1173	0.628569466008148
28	47	0.08426	581	0	10.4752883492532	0.03199	905	0.02075	1000	0.568756618891862
27	51	0.0842	582	0	9.23930868626003	0.13718	304	-0.02706	1508	0.748741751212396
20	27	0.0842	583	0	9.58123024459803	0.07474	577	0.10877	408	0.337267906496104
27	58	0.08418	584	1	7.2410334207211	0.04127	814	0.09339	482	0.531863334355566
26	60	0.084	585	1	5.52833175560223	0.11668	371	0.00219	1178	0.722672138066217
10	23	0.08394	586	0	30.3300780744132	0.09315	477	0.0084	1113	0.691924552014406
26	55	0.08382	587	0	18.0174106075207	0.00278	1187	-0.03179	1571	0.660748941202241
37	44	0.08381	588	0	8.25855459508503	0.04239	802	0.1346	314	0.648557458258064
39	50	0.0838	589	0	11.8559634361784	0.09788	449	0.04877	772	0.532859679419062
77	85	0.08376	590	0	23.836575697864	0.09183	483	0.02956	920	0.609092846483978
5	25	0.08372	591	0	21.1780350599389	0.07082	599	0.07942	557	0.36075366169238
49	84	0.08371	592	1	7.65049808836	0.03161	906	0.05605	719	0.523742341425201
25	83	0.08359	593	0	15.0692701216748	0.01676	1049	0.08651	527	0.649701113250031
47	83	0.08354	594	1	7.67721603186989	0.04663	769	0.05733	705	0.473806593281949
57	87	0.0831	595	0	27.8642204448644	0.05087	741	0.01584	1054	0.60409137184434
39	57	0.08286	596	0	20.2425298320146	-0.01958	1445	0.02224	987	0.671636805342824
2	24	0.08227	597	0	23.3856721306017	0.00808	1136	0.08839	514	0.679962713168188
11	32	0.08204	598	0	16.9151550391949	0.09239	479	0.00737	1125	0.693248222218436
26	74	0.08199	599	0	27.6881870298508	0.08904	497	-0.02798	1521	0.731043435345713
48	62	0.08198	600	0	17.9340296085403	0.02843	937	0.06123	680	0.550117420757905
67	77	0.08192	601	0	11.4012121285414	0.05108	738	0.12445	350	0.560954439859191
27	83	0.08171	602	0	15.1779828369912	-0.01545	1400	0.0463	794	0.685595390630162
47	56	0.08165	603	0	20.4445424257918	0.12825	335	-0.01036	1283	0.739560609542313
43	57	0.0813	604	0	20.8900242460367	0.0049	1165	0.016	1053	0.603367008068668
19	34	0.08112	605	0	12.628924142618	-0.01534	1397	0.04581	799	0.683272337547072
71	82	0.08091	606	0	22.2086942659851	0.05146	734	0.00939	1104	0.624044050679132
26	57	0.08059	607	0	11.5287073429765	0.12072	354	0.05703	708	0.537781510237472
7	56	0.08032	608	0	15.1759809567619	0.04161	811	0.08623	528	0.514273209793264
12	25	0.07992	609	0	32.3333902490908	0.05973	671	0.2343	134	0.724458795989696
3	41	0.07989	610	0	19.6333320147142	0.02857	934	0.06491	652	0.55287451071742
64	88	0.07947	611	0	31.2569717343187	0.19696	183	-0.03279	1583	0.760290616147018
16	22	0.07906	612	0	19.4951340852019	-0.04265	1714	0.14312	287	0.757021851823348
15	73	0.07905	613	0	8.25912888869038	0.1982	181	-0.00944	1271	0.755633405270322
3	24	0.07892	614	0	20.3734903735222	0.11938	360	0.00283	1170	0.725519795799289
28	39	0.07882	615	0	13.7759830139268	0.02831	940	0.0966	468	0.619408650191112
27	60	0.07878	616	1	6.98097199535996	0.15246	267	0.03286	895	0.706297728027323
79	87	0.0787	617	0	25.463088991715	0.08864	499	0.05216	746	0.478741061471277
7	40	0.0787	618	0	13.0240901793561	-0.03345	1605	0.1269	338	0.750500851693627
61	86	0.07843	619	0	24.9713793972219	0.01396	1078	0.03841	849	0.586753407780218
8	23	0.0784	620	0	26.5248885388799	0.05107	739	0.09099	496	0.466252111558154
72	85	0.07832	621	0	30.6019547414867	-0.01178	1346	0.02386	975	0.646247885450746
5	41	0.0781	622	0	14.1188378416922	-0.00531	1274	0.04879	771	0.665500117434531
41	47	0.078	623	0	17.5690130912354	0.08894	498	0.0754	583	0.346485241615806
43	54	0.07785	624	0	16.943904803793	0.08842	500	0.07799	564	0.327800048839902
34	71	0.0776	625	0	15.6847422356888	0.04027	825	0.10188	447	0.565322227750961
58	67	0.07735	626	0	10.0334043076116	0.11694	370	0.00335	1166	0.721950976317297
35	86	0.07729	627	0	22.7550290485422	0.06717	612	0.0519	749	0.461099528790353
51	85	0.07706	628	0	14.4442867252073	-0.03404	1613	0.04663	793	0.707101920115292
32	48	0.07692	629	0	10.8658913118069	0.05858	682	0.15897	248	0.632991134158462
74	84	0.07665	630	0	28.6400614699061	0.05098	740	-0.02037	1410	0.687885033573966
14	59	0.0764	631	0	24.070508282959	0.10713	422	0.0273	944	0.659135870770481
74	79	0.07582	632	0	15.5230973713367	0.09347	474	0.17471	210	0.388003321372337
1	23	0.07569	633	0	21.7798822770005	-0.02318	1482	0.06329	668	0.714908926124048
69	88	0.0755	634	0	31.4620683681159	-0.04289	1719	0.17523	209	0.760826878750707
12	45	0.07537	635	0	21.8189875567131	-0.02118	1466	0.07622	577	0.725167037517864
1	46	0.07516	636	0	16.1271038317486	0.06956	603	0.02635	953	0.585966437611775
25	35	0.07507	637	0	26.140016373369	0.01416	1077	-0.01898	1391	0.636088618405545
0	32	0.0749	638	0	22.6318162549982	0.05424	712	0.06659	640	0.429558921295426
43	81	0.07478	639	0	9.15141535501477	0.06768	608	0.0057	1139	0.66445551778386
9	27	0.07441	640	0	24.7333042475121	0.03014	920	0.0775	569	0.570453958321103
11	25	0.07424	641	0	29.1973081635962	0.04929	753	0.05826	698	0.467525032767555
76	90	0.07418	642	0	35.8584484048041	0.17885	211	0.09757	458	0.369493265924991
58	65	0.07395	643	1	7.11863252317466	-0.04318	1724	0.11931	366	0.75252225659538
37	46	0.07371	644	0	11.9561403052992	-0.08235	2230	0.10713	416	0.75784737214463
21	26	0.07365	645	0	8.57707939802355	0.0389	839	-0.04443	1738	0.713764392680606
24	88	0.0736	646	0	17.1904141602231	-0.04669	1770	0.10977	405	0.751948062338907
20	37	0.07352	647	0	16.6983650397277	-0.05937	1949	0.05403	731	0.740193504167935
57	82	0.07319	648	0	12.6288047732159	0.08292	532	0.05803	699	0.419272380786694
3	40	0.07302	649	0	19.4681150859553	0.03127	910	-0.0123	1303	0.643318698943608
2	26	0.0724	650	0	20.4562343797679	-0.01441	1385	0.09212	493	0.723389573113999
72	81	0.07229	651	0	19.0645993663649	0.01972	1031	0.02485	967	0.574641636228056
39	81	0.07185	652	0	10.6323615438904	0.02794	944	0.03125	909	0.551958904833918
9	45	0.07182	653	0	17.6021568280708	-0.00204	1235	0.02822	936	0.625996868013678
14	58	0.07182	654	0	18.8486369268443	0.01381	1081	0.08128	552	0.659675265499844
5	85	0.07159	655	0	17.9139819694003	0.01634	1056	-0.00959	1273	0.621409000355073
12	73	0.07148	656	0	15.8006076465432	0.04375	788	0.01367	1075	0.60191044168285
4	59	0.0705	657	0	15.0773240994548	0.07053	600	0.01288	1079	0.650837570144552
74	87	0.07038	658	0	40.3845393808076	-0.01359	1369	0.07764	567	0.711836353223632
14	26	0.07009	659	0	26.3324781401219	0.07014	601	-0.03135	1564	0.722312024200632
10	32	0.06977	660	0	17.6891509688849	0.03721	853	-0.02506	1473	0.678523470513497
55	77	0.06958	661	0	10.0472516640124	0.1202	357	0.00108	1188	0.728309639593078
51	59	0.06948	662	1	5.96379115999211	0.06311	644	-0.03533	1617	0.721226072077759
36	47	0.06932	663	0	17.7351093033	0.11722	368	-0.04666	1772	0.754228999578563
17	84	0.0692	664	0	13.9611140672942	0.00734	1143	0.03322	891	0.602640014014848
13	76	0.06909	665	0	15.5041126801891	0.12181	352	0.07218	602	0.400845714711056
39	56	0.06895	666	0	18.5728110150295	0.05169	733	-0.04829	1791	0.73070472077827
19	66	0.06894	667	1	6.20029636388455	0.06589	622	0.05385	734	0.446441639239139
14	57	0.0686	668	0	23.6068332056631	0.00159	1201	-0.01269	1311	0.627929564028127
36	71	0.06859	669	0	19.5609949389084	0.03156	907	0.05418	730	0.524772358425109
12	18	0.06845	670	0	17.3087273362313	-8e-04	1223	0.12701	336	0.734053980322775
20	32	0.068	671	0	9.0354015959447	-0.03326	1603	0.18748	188	0.760559047707878
47	87	0.06776	672	0	15.4987732095157	0.16141	250	0.0645	657	0.610499606347032
23	73	0.06763	673	0	27.8308531849097	-0.04111	1702	-0.03016	1555	0.664978612183178
5	53	0.06757	674	0	11.2583640463435	0.06394	637	0.03874	846	0.503327109299171
38	75	0.06736	675	0	10.8001741652623	0.11937	361	0.01708	1042	0.7079017327099
7	24	0.06724	676	0	29.3435445711659	0.01965	1033	-0.02706	1507	0.662876642408406
0	6	0.06719	677	0	17.474418588325	0.12664	338	0.08356	541	0.34098449861889
80	90	0.06674	678	0	28.5201762091331	0.06094	660	0.0902	507	0.397676678593296
65	75	0.06636	679	0	20.4187639929551	-0.0958	2404	-0.04433	1735	0.694560779224258
0	56	0.06616	680	0	22.731811366453	0.06565	626	0.01385	1073	0.634236007910647
1	68	0.06577	681	0	28.4396984161225	-0.01712	1422	0.07816	562	0.721588995548774
43	86	0.06566	682	0	18.7083028091807	0.04375	789	-0.01339	1319	0.668596154839895
0	57	0.06557	683	0	18.561658034777	0.03601	865	0.06289	672	0.507762830419667
12	72	0.06556	684	0	18.5221080333746	0.01782	1045	0.02268	982	0.580376116309245
21	34	0.06552	685	0	18.2615200353092	-0.00698	1291	0.05572	720	0.67658498572327
60	72	0.0654	686	0	19.1038054847719	0.14568	277	0.02542	962	0.718659002501987
2	23	0.06521	687	0	24.6780304319449	0.05185	731	-0.05009	1810	0.736023864965331
4	23	0.06509	688	0	23.1038314787829	0.04323	797	0.11045	402	0.57213855123212
6	44	0.065	689	1	5.26149189869185	0.08169	540	0.13016	326	0.329712478968352
28	68	0.06471	690	0	11.7277758334648	0.19219	189	-0.02679	1501	0.758121300456523
36	83	0.06467	691	0	19.2717291907083	-0.01524	1395	0.05399	732	0.692808258966777
11	38	0.06448	692	1	5.12510468185773	0.11169	393	-0.0016	1207	0.720862201532761
3	14	0.06432	693	0	23.9421007641351	0.10225	434	0.08745	521	0.296055401786249
21	85	0.06426	694	0	17.2435421245172	-0.00296	1248	0.04868	773	0.652528974733356
2	41	0.06402	695	0	21.0010880908585	0.03402	884	0.05354	736	0.515341851553207
1	44	0.06401	696	0	15.0796886241063	0.02961	925	0.07243	599	0.566185828462488
11	17	0.06399	697	0	11.9139399444516	0.08104	549	0.21	160	0.650270202373533
9	20	0.06391	698	0	23.4120244746156	-0.07382	2123	0.0761	579	0.750209380780107
67	73	0.06382	699	0	10.9100368926966	0.03985	829	0.04186	823	0.506661338451546
9	62	0.06375	700	0	26.0521631347572	-0.06878	2062	0.10715	415	0.756745426171882
12	35	0.06245	701	0	13.9269659653494	0.03343	891	0.035	877	0.530862603263125
38	71	0.06206	702	0	13.5980959328871	0.05651	689	0.011	1092	0.626643295730742
9	40	0.06202	703	0	11.7318947318837	0.0299	924	0.0591	695	0.541646108256587
77	87	0.06198	704	0	31.5118853291897	0.10319	431	0.14385	283	0.229729127647231
5	71	0.06185	705	0	19.7978132630854	-0.0529	1859	-0.01254	1306	0.690589558541061
10	45	0.06184	706	0	18.9453172314427	0.03373	888	-0.06636	2016	0.733390804195498
20	35	0.06141	707	0	18.5854107837303	0.06405	635	0.16855	230	0.613973628266969
74	86	0.0614	708	0	35.2866842449103	0.01378	1082	0.01752	1038	0.589872968891824
77	88	0.06134	709	0	30.706368818211	0.01894	1039	0.21331	158	0.749624391166539
23	64	0.06127	710	0	19.1537252251357	0.04321	798	0.02951	921	0.534840253843403
7	60	0.06126	711	0	23.4334994825784	0.01056	1110	0.13361	317	0.723031319747481
3	56	0.06126	712	0	14.0948235178735	0.1133	383	0.07072	608	0.384715825760894
1	41	0.06121	713	0	21.0389717667	0.02052	1021	0.10332	438	0.666020025975854
21	83	0.06097	714	0	16.3655166126829	-0.0439	1734	-0.00674	1251	0.68373967177632
0	44	0.06089	715	0	17.9501379938985	-0.05084	1824	0.07139	605	0.742694631124306
9	26	0.06087	716	0	28.9019720607435	0.08947	494	0.14078	296	0.298083205129499
47	63	0.06063	717	0	15.1751374623099	0.05064	742	0.00216	1180	0.639135933877001
23	28	0.06062	718	0	13.0620503750368	0.02466	978	0.07756	568	0.596729507950639
41	86	0.06033	719	0	24.9497254493912	0.01459	1072	-0.0193	1398	0.637923048142789
10	26	0.06029	720	0	27.0755438172532	0.03042	916	0.03135	908	0.544503207133293
15	22	0.06017	721	0	19.9899306151872	-0.012	1352	0.18087	200	0.75646837084963
7	59	0.06011	722	0	19.655689557988	0.09604	459	-0.02431	1460	0.730365152276298
9	31	0.06003	723	0	21.0269510390832	-0.01422	1381	0.01385	1072	0.641537836172095
22	72	0.05991	724	0	23.8614327315021	-0.01023	1326	0.03686	866	0.658594788973567
47	69	0.05988	725	0	18.6785267620335	0.01674	1051	0.10145	448	0.675607064040702
12	34	0.05972	726	0	11.8935909211642	0.00354	1183	-0.03061	1560	0.656961390215883
42	89	0.05966	727	0	26.838201765394	0.09717	451	0.02004	1008	0.673136638705431
19	35	0.05942	728	0	17.3318574019059	0.02838	939	0.05369	735	0.542602428377396
39	65	0.05912	729	0	19.1824237519663	0.03204	904	0.02452	969	0.55829232073133
30	75	0.05906	730	0	20.5176030520137	0.03327	892	-0.00872	1263	0.632365600943148
6	50	0.05886	731	0	9.86812753261732	0.0751	575	0.03845	848	0.519576545294965
73	90	0.05877	732	0	35.4839023924934	0.04341	794	0.02648	950	0.548260792607318
0	31	0.05851	733	0	20.9641598209897	-0.0243	1503	0.05516	724	0.707502373334686
33	85	0.0583	734	0	17.3411343631263	0.04237	803	-0.0139	1327	0.668083973904385
31	49	0.05814	735	0	11.7909379609936	0.09448	467	0.16312	240	0.310137606872341
68	76	0.05806	736	0	16.1634568703604	-0.02648	1521	0.0903	505	0.736997913699506
1	51	0.05797	737	0	12.5860576035548	-0.02694	1526	0.0206	1002	0.679004629066844
5	23	0.05787	738	0	26.5111265886608	0.05755	684	0.00218	1179	0.653647699260281
49	60	0.05768	739	0	12.4697793484889	-0.02842	1547	0.15009	270	0.755353809627067
73	88	0.05765	740	0	33.9920532036533	0.04585	774	0.12475	349	0.595225185065722
1	32	0.05758	741	0	21.3588082532711	0.02372	987	0.02677	948	0.56358533170023
55	88	0.05697	742	0	31.6250478892918	0.10223	435	0.18659	191	0.350103951091387
1	75	0.05685	743	0	28.9027745034971	0.0607	662	0.01646	1048	0.617387641669345
68	86	0.05677	744	0	30.2997376061246	0.00768	1141	-0.02614	1488	0.644496163392819
1	10	0.05673	745	0	27.084532781645	0.05982	668	0.07481	588	0.403989617977166
2	14	0.05581	746	0	27.4556591980597	0.1122	391	0.05714	706	0.49072659363552
26	89	0.05571	747	0	27.3511325908087	0.09064	486	0.02298	980	0.647406474321467
43	73	0.05554	748	0	16.8343852278603	0.03005	922	-0.06658	2022	0.73272431423668
6	27	0.05537	749	0	16.7137673491047	0.01866	1043	-0.00096	1201	0.607676386388104
29	60	0.05513	750	0	13.8983418075683	0.05887	680	-0.04276	1715	0.725871651002994
8	17	0.05501	751	0	8.4501182831958	0.09662	457	0.11599	378	0.238559361830591
56	86	0.05491	752	0	27.8812893173899	-0.03848	1671	0.03419	880	0.703858489902441
44	53	0.05457	753	0	12.40618752881	0.01307	1087	0.0379	855	0.590645714209758
36	90	0.05455	754	0	25.8526184747309	0.03834	842	0.07955	556	0.518523867935258
4	36	0.0544	755	0	19.3892358539474	0.01391	1079	0.02447	970	0.584383763405868
45	83	0.05389	756	1	6.1007033201099	-0.03494	1627	0.0533	741	0.716420847135514
47	55	0.05376	757	0	20.1833866831114	-0.01169	1344	0.1032	439	0.727964009118892
64	74	0.05338	758	0	18.1411786276416	0.04635	771	0.04923	764	0.481181385376929
3	25	0.05258	759	0	16.0029402610895	0.00639	1152	0.01849	1028	0.599706066775174
32	53	0.0524	760	0	17.8453702679434	0.04324	796	-0.00144	1205	0.633614613867883
22	49	0.05232	761	0	8.07146312634828	0.03314	893	0.13217	321	0.679484369626374
23	47	0.05203	762	0	12.6589243618879	-0.00165	1229	-0.05798	1917	0.700961513942604
49	57	0.05193	763	0	12.1517703237018	-0.16534	3155	0.19826	174	0.764773629926435
1	31	0.05193	764	0	20.56193731145	-0.0105	1332	0.02472	968	0.640340827803692
58	79	0.05168	765	0	9.29256616871788	-0.04111	1701	-0.05099	1817	0.671133881227262
0	12	0.05165	766	0	35.2291181552987	0.0411	815	0.07454	590	0.497674172844915
11	37	0.05144	767	1	7.89148737564726	0.08155	543	-0.02203	1428	0.717170834222803
2	49	0.0514	768	0	12.6371497577579	0.09526	462	-0.03008	1554	0.738605467806033
3	37	0.05126	769	0	21.36570335842	0.00111	1207	-0.01854	1385	0.63173809552624
24	67	0.05124	770	0	19.7971762380396	-0.00368	1259	0.09078	499	0.709488336857537
14	25	0.05116	771	0	25.9075304882577	0.09378	471	-0.08731	2295	0.758939379485071
47	71	0.05109	772	0	20.3934337716825	-0.02621	1516	0.03173	903	0.690142013921947
42	87	0.05076	773	0	27.1720506771204	0.00662	1151	-0.00944	1272	0.6180635718561
6	17	0.05075	774	0	9.8041902776313	0.01871	1041	0.05648	715	0.587537449943991
0	36	0.05071	775	0	27.9698254016717	0.03954	834	0.0496	760	0.499949086497519
13	40	0.05058	776	0	12.7303080088425	0.04109	816	0.06558	647	0.488369732466244
45	90	0.05046	777	0	17.0126726001531	0.05182	732	0.02574	958	0.559183074392078
5	57	0.0502	778	0	13.8266427957042	-0.01109	1335	0.0622	676	0.691035818515236
14	41	0.04987	779	0	11.9371130094341	0.0526	723	-0.0185	1384	0.686515201160133
73	82	0.04985	780	0	20.0915602928195	-0.12354	2732	0.13149	324	0.762948148118768
17	32	0.04977	781	1	6.76570742790434	0.07966	559	-0.0375	1647	0.734384332935284
8	15	0.04973	782	1	5.23587366157741	0.04439	785	0.09448	479	0.50108019097505
3	36	0.04952	783	0	24.1764207648692	0.1205	355	-0.00461	1237	0.732054489381718
19	72	0.04945	784	0	14.4798004129891	-0.05058	1819	-0.04897	1801	0.672138212904912
61	82	0.04919	785	0	15.648807941821	0.02056	1020	-0.02481	1466	0.658052031844628
65	89	0.04916	786	0	34.9925590947561	0.10199	436	0.13203	322	0.220991545499885
42	53	0.04864	787	0	13.178028266778	-0.01232	1355	0.06808	624	0.702209918634319
16	29	0.04856	788	0	15.0349559360844	0.05727	686	-0.04426	1734	0.726921833629787
0	68	0.0485	789	0	29.0567783658134	-0.04379	1731	0.06584	645	0.737643300907787
18	28	0.04843	790	0	10.0938478787824	0.05416	713	-0.03727	1642	0.715288407804875
66	84	0.0484	791	0	17.5231388455379	-0.00309	1250	0.0887	512	0.703036460378498
26	34	0.04833	792	0	25.3881547379876	0.21137	157	0.10477	428	0.459796403734296
48	68	0.04828	793	0	18.8456981828745	0.02879	932	-0.07269	2110	0.737964808623947
6	21	0.04824	794	0	18.2886211071256	0.13034	331	-0.02811	1526	0.746957669853429
59	88	0.04812	795	0	23.9540953283567	0.14253	290	-0.13827	2898	0.764773629926435
5	36	0.04696	796	0	19.9394545813069	0.06359	640	0.10556	423	0.394479447104538
24	59	0.04675	797	0	13.5212545275947	0.04892	756	0.0577	703	0.47005417384367
27	57	0.0466	798	0	10.576770821002	-0.00349	1256	0.01945	1016	0.625348188461255
24	73	0.04655	799	0	27.7590186065718	-0.04652	1767	0.09718	463	0.747256774078367
62	89	0.04642	800	0	33.4745290780916	-0.00191	1233	0.07372	594	0.688339005613567
15	41	0.04631	801	0	10.0297846437498	0.00165	1200	-0.07192	2097	0.714528431612354
2	72	0.04607	802	0	27.4769727772184	0.01452	1073	0.02672	949	0.581987591785707
32	60	0.04599	803	0	23.0805879257873	0.02706	954	0.01958	1013	0.57546985860776
36	85	0.04588	804	0	24.8593463107943	0.03772	849	0.04604	796	0.505554815761968
7	45	0.04568	805	0	14.7909114661673	0.09326	476	-0.05929	1930	0.752808358016985
29	34	0.04502	806	0	15.6076107076003	0.15544	262	0.12285	356	0.13820166523238
8	27	0.04495	807	0	19.1170190929444	0.03648	861	0.06857	622	0.513200163775008
47	52	0.04494	808	0	16.2634152009964	-0.12061	2694	0.13509	311	0.762685049504028
43	69	0.04486	809	0	18.9656095341015	-0.03423	1618	0.0381	852	0.701794926473403
66	80	0.04483	810	0	12.1956474612872	0.02074	1018	-0.04437	1737	0.696293988507718
53	67	0.04462	811	0	9.67006028936738	0.03629	863	0.07296	596	0.517467191813466
63	78	0.04447	812	0	19.3027830376866	0.09438	469	-0.11929	2682	0.761360747324923
3	32	0.04434	813	0	21.0295071031159	-0.00959	1320	0.06078	684	0.685133499175124
80	86	0.04408	814	0	20.5966516210767	0.02304	996	0.09231	492	0.631108455100167
25	89	0.04388	815	0	22.1986540357743	0.02817	941	0.01754	1037	0.579566082089576
64	86	0.04373	816	0	28.4916020785073	0.05903	678	0.00425	1152	0.643908411906594
4	14	0.04356	817	0	21.0733305151322	0.07793	564	0.09583	472	0.318078352390143
0	15	0.04351	818	0	25.6467562471358	0.03376	887	0.05635	718	0.516406121969686
0	14	0.04351	819	0	30.3265404720024	0.02031	1024	0.06841	623	0.598965842391629
1	56	0.04341	820	0	22.0285428705577	-0.01743	1428	0.09742	460	0.736674029293665
65	71	0.04336	821	0	10.9721584932045	0.02247	1005	0.1242	352	0.692367035332397
17	62	0.04262	822	0	17.5447615828771	0.04978	749	-0.03362	1596	0.705893977261443
0	49	0.04258	823	0	10.9208628322125	0.02031	1025	-0.00423	1229	0.613283738022144
10	50	0.04256	824	0	16.9526504417451	0.10904	413	0.08594	529	0.300101028041791
34	48	0.04254	825	0	13.9809690651256	0.00449	1172	0.13486	313	0.733722805091941
20	85	0.04237	826	0	18.5107969844629	0.10249	432	-0.09584	2399	0.761094111288415
82	88	0.0423	827	0	17.3404471107293	0.02204	1008	-0.04076	1691	0.693686973720944
17	36	0.04207	828	0	10.8285059449584	0.02561	970	-0.02653	1493	0.666538386075202
9	59	0.04207	829	0	24.6917152705113	0.01122	1107	0.05842	696	0.622731036470255
1	86	0.04195	830	0	12.1339268581939	0.06215	653	-0.03977	1675	0.727270109325125
16	28	0.04191	831	0	14.8173261420541	-0.00777	1301	0.05926	694	0.681862225911552
64	73	0.04184	832	0	15.075047562114	0.08004	558	0.02982	916	0.576295192260656
16	23	0.04142	833	0	23.7174886950537	0.03689	854	0.10308	440	0.582789327593103
39	74	0.04128	834	0	15.876928733228	0.08054	551	-0.02871	1535	0.72657266740771
22	61	0.04107	835	0	14.1071393627482	-0.01196	1349	-0.08229	2236	0.716044360810483
73	89	0.04035	836	0	36.1032489673713	0.05195	729	0.14115	294	0.609797418490982
59	89	0.04023	837	0	28.0057885802203	0.08985	492	0.02011	1007	0.656413448365919
38	88	0.0402	838	0	29.8275467646939	-0.13718	2892	0.06366	663	0.75921084414776
17	75	0.04003	839	0	16.4057985175974	-0.00337	1254	0.04903	769	0.660212949008939
6	79	0.04001	840	1	4.55489209531905	0.00688	1149	0.02305	979	0.598222857425577
3	52	0.03972	841	0	8.34676709870354	0.00119	1205	0.02292	981	0.611896628189636
14	74	0.03942	842	0	9.85150678830401	-0.03269	1598	-0.00893	1267	0.663930784158995
70	79	0.0393	843	0	8.1513971195127	0.01197	1096	-0.07914	2192	0.728998279657161
7	20	0.03927	844	0	22.3386159150472	-0.01687	1418	-0.01036	1284	0.640940326249523
45	81	0.03912	845	1	7.96031814690845	0.02375	986	-0.05336	1851	0.71754434656295
57	90	0.0387	846	0	32.9067344171372	0.01545	1065	0.07837	561	0.64272704723471
17	35	0.03856	847	0	10.886001331986	0.09642	458	-0.04962	1807	0.749036655166946
47	88	0.03835	848	0	13.4081140359112	0.06259	650	0.01582	1055	0.629207207139671
13	25	0.03808	849	0	28.60694800219	0.04742	766	0.03744	858	0.512122192935991
61	90	0.03787	850	0	31.8861200524617	-0.01617	1407	0.04832	776	0.688791664887711
26	71	0.03784	851	0	20.9727518938264	0.02405	982	0.08552	532	0.61259138801078
17	50	0.03762	852	0	10.1702478829181	0.01868	1042	-0.0876	2300	0.740823331862278
7	34	0.0376	853	0	17.3683371973255	0.02853	935	0.04812	780	0.535824751413009
31	67	0.03747	854	0	11.8444484042103	-0.03843	1670	0.02923	928	0.698007967522826
30	66	0.03731	855	0	11.0093028389631	-0.0102	1325	-0.0766	2162	0.71066708116783
0	30	0.03727	856	0	16.96613020108	0.03012	921	0.02956	919	0.547326590436561
56	88	0.03702	857	0	32.0717034938901	0.11045	405	0.04989	759	0.553786368602978
56	62	0.03685	858	0	13.6040513450957	0.02683	957	-0.0164	1355	0.649130193860157
25	85	0.0368	859	0	13.8540109354656	-0.04487	1747	0.05353	737	0.729341293889525
54	89	0.03658	860	0	35.1243795674742	-0.07714	2163	0.14146	292	0.761626788855217
13	56	0.03631	861	0	24.6957002937758	0.01484	1070	0.08278	546	0.651966942588528
10	17	0.03547	862	0	11.616933631557	0.05933	675	0.09236	491	0.411715211370339
65	90	0.03536	863	0	33.7522612723948	0.02001	1029	-0.00897	1268	0.620077732175962
61	71	0.03516	864	0	13.696652182194	-0.05246	1847.5	0.11427	386	0.754792694519637
3	20	0.03501	865	0	19.8982954797641	0.09593	460	-0.0073	1255	0.711447632977418
25	82	0.03494	866	0	11.5476845298094	-0.03521	1631	0.04412	811	0.709882317355296
17	24	0.03494	867	0	21.4945039486842	0.09669	455	0.0569	710	0.458486623589749
56	85	0.03489	868	0	24.2240161410118	-0.01963	1446	0.02427	973	0.674129209759407
13	19	0.03473	869	0	16.3280943468612	0.12836	334	0.02499	965	0.700123522953853
70	84	0.03462	870	0	19.4055896586525	-0.03457	1622	0.08479	534	0.738924624938526
34	89	0.03455	871	0	26.0663543480864	0.05028	745	0.05747	704	0.462397153037788
12	56	0.03434	872	0	26.3135181608237	0.02797	943	0.08436	538	0.594468821568966
2	53	0.03421	873	0	17.9490945175516	-4e-04	1220	0.0706	610	0.680439656949025
48	55	0.03419	874	0	15.7617925376526	0.11329	384	-0.01151	1294	0.734713866018876
72	89	0.03406	875	0	39.4409759260594	0.16642	238	0.08193	550	0.479963661622138
31	65	0.03357	876	0	16.6778952209204	-0.05499	1883	0.06551	649	0.74238462606066
48	66	0.03354	877	0	12.4718462947552	0.00665	1150	0.07582	580	0.669615863991019
0	71	0.03339	878	0	29.8467083277202	0.0227	1001	0.0292	929	0.562711778866286
75	88	0.03337	879	0	38.4086952915613	0.00362	1180	0.06007	688	0.655312437977636
8	24	0.03328	880	0	27.2366800289609	0.04325	795	-0.03773	1652	0.708300003171911
60	86	0.03298	881	0	23.7564169436386	-0.11442	2629	0.05668	714	0.753662706969856
6	74	0.03288	882	0	17.4536363546397	-0.05759	1921	-0.00742	1257	0.696724293418618
54	65	0.03281	883	0	12.9229841754914	0.05554	701	-0.09324	2362	0.754511170638392
4	22	0.0328	884	0	18.0769516788644	0.02042	1023	0.03794	854	0.564455448314024
3	30	0.0328	885	0	14.1217508829465	-0.0278	1537	0.12564	343	0.748446153371278
27	61	0.03276	886	1	7.30947296321698	0.0843	520	0.0199	1010	0.647982909282678
1	40	0.03274	887	0	19.7599312245767	0.00887	1131	0.02931	925	0.593709588290374
13	85	0.03258	888	0	30.4695687695117	0.00782	1138	-0.0252	1476	0.642133414000868
11	57	0.03237	889	0	25.7817577756056	0.07183	596	0.02336	978	0.605533004544466
44	54	0.0322	890	0	14.7814351130058	0.00173	1196	0.08242	548	0.689243056297811
48	56	0.03204	891	0	16.6876640965715	-0.01619	1408	0.01266	1080	0.651403092509011
19	53	0.03198	892	0	10.3403038156526	0.0119	1097	-0.05419	1864	0.704267832039456
15	23	0.03133	893	0	24.7035277845088	0.09469	465	-0.04525	1751	0.745754140140031
16	72	0.03118	894	0	15.7389646737007	-0.02341	1483	-0.00544	1245	0.657507580088581
0	58	0.03092	895	0	19.3176353366555	-0.03728	1656	0.01064	1095	0.680915242905248
26	32	0.03087	896	0	20.5177662283203	0.04128	813	-0.08148	2232	0.744539107975271
2	20	0.03082	897	0	23.7397176899811	0.0057	1159	0.01794	1030	0.601178344116401
19	86	0.03075	898	0	19.9678913759065	-0.06715	2044	0.09073	500	0.752235492135816
13	75	0.03043	899	0	14.6481303243793	0.06593	621	0.10805	410	0.376346893299777
49	59	0.03013	900	0	8.26996946790011	0.08455	519	-0.01143	1293	0.705489116085338
50	82	0.03013	901	0	8.44423098926125	-0.05576	1895	0.01787	1032	0.712224029276277
18	25	0.02994	902	0	16.3504182515311	0.08182	538	0.14252	290	0.362515234265612
38	68	0.0299	903	0	18.0818056067418	-0.01702	1419	0.05264	744	0.694995908532755
9	36	0.02989	904	0	12.315465967636	-0.00141	1228	-0.05773	1910.5	0.698857744526958
43	62	0.02984	905	0	24.9492724342815	0.07517	574	0.0668	638	0.381395344520568
46	82	0.02978	906	0	13.1784474806405	0.0192	1037	-0.06788	2042	0.724813372332908
36	88	0.0296	907	0	27.8240216719295	0.06989	602	0.01075	1093	0.655863804500896
17	57	0.02947	908	0	19.1893921998588	0.02179	1012	0.0129	1078	0.588318723897545
62	69	0.02941	909	0	10.8876740399408	0.05247	725	0.06117	682	0.445071119769458
